group	fill	clickSelects
1	#FFFFFF	814
2	#FFFFFF	51
3	#FFFFFF	143
4	#FFFFFF	51
5	#FFFFFF	51
6	#FFFFFF	51
7	#FFFFFF	51
8	#FFFFFF	51
9	#FFFFFF	51
10	#FFFFFF	51
11	#FFFFFF	51
12	#FFFFFF	51
13	#FFFFFF	51
14	#FFFFFF	51
15	#FFFFFF	51
16	#FFFFFF	51
17	#FFFFFF	51
18	#FFFFFF	51
19	#FFFFFF	51
20	#FFFFFF	51
21	#FFFFFF	51
22	#FFFFFF	51
23	#FFFFFF	51
24	#FFFFFF	51
25	#FFFFFF	51
26	#FFFFFF	51
27	#FFFFFF	143
28	#FFFFFF	143
29	#FFFFFF	143
30	#FFFFFF	143
31	#FFFFFF	51
32	#FFFFFF	51
33	#FFFFFF	155
34	#FFFFFF	155
35	#FFFFFF	155
36	#FFFFFF	51
37	#FFFFFF	155
38	#FFFFFF	155
39	#FFFFFF	155
40	#FFFFFF	155
41	#FFFFFF	155
42	#FFFFFF	155
43	#FFFFFF	155
44	#FFFFFF	155
45	#FFFFFF	577
46	#FFFFFF	51
47	#FFFFFF	51
48	#FFFFFF	51
49	#FFFFFF	51
50	#FFFFFF	51
52	#FFFFFF	51
53	#FFFFFF	51
54	#FFFFFF	51
55	#FFFFFF	51
56	#FFFFFF	51
57	#FFFFFF	51
58	#FFFFFF	51
59	#FFFFFF	51
60	#FFFFFF	51
61	#FFFFFF	51
62	#FFFFFF	51
63	#FFFFFF	51
64	#FFFFFF	143
65	#FFFFFF	51
66	#FFFFFF	51
67	#FFFFFF	51
68	#FFFFFF	51
69	#FFFFFF	51
70	#FFFFFF	51
71	#FFFFFF	51
72	#FFFFFF	51
73	#FFFFFF	51
74	#FFFFFF	51
75	#FFFFFF	143
76	#FFFFFF	51
77	#FFFFFF	143
78	#FFFFFF	143
79	#FFFFFF	143
80	#FFFFFF	143
81	#FFFFFF	143
82	#FFFFFF	143
83	#FFFFFF	51
84	#FFFFFF	155
85	#FFFFFF	155
86	#FFFFFF	51
87	#FFFFFF	155
88	#FFFFFF	155
89	#FFFFFF	155
90	#FFFFFF	155
91	#FFFFFF	155
92	#FFFFFF	155
93	#FFFFFF	155
94	#FFFFFF	155
95	#FFFFFF	155
97	#FFFFFF	51
98	#FFFFFF	51
99	#FFFFFF	51
100	#FFFFFF	51
101	#FFFFFF	51
102	#FFFFFF	51
103	#FFFFFF	51
104	#FFFFFF	143
105	#FFFFFF	51
106	#FFFFFF	51
107	#FFFFFF	51
108	#FFFFFF	51
109	#FFFFFF	51
110	#FFFFFF	51
111	#FFFFFF	51
112	#FFFFFF	51
113	#FFFFFF	51
114	#FFFFFF	51
115	#FFFFFF	143
116	#FFFFFF	51
117	#FFFFFF	51
118	#FFFFFF	51
119	#FFFFFF	51
120	#FFFFFF	51
121	#FFFFFF	51
122	#FFFFFF	51
123	#FFFFFF	51
124	#FFFFFF	51
125	#FFFFFF	143
126	#FFFFFF	51
127	#FFFFFF	143
128	#FFFFFF	143
129	#FFFFFF	143
130	#FFFFFF	143
131	#FFFFFF	143
132	#FFFFFF	143
133	#FFFFFF	143
134	#FFFFFF	51
135	#FFFFFF	155
136	#FFFFFF	155
137	#FFFFFF	51
138	#FFFFFF	155
139	#FFFFFF	155
140	#FFFFFF	155
141	#FFFFFF	155
142	#FFFFFF	155
143	#FFFFFF	155
144	#FFFFFF	155
145	#FFFFFF	155
146	#FFFFFF	155
147	#FFFFFF	51
148	#FFFFFF	51
149	#FFFFFF	51
150	#FFFFFF	51
151	#FFFFFF	143
153	#FFFFFF	51
154	#FFFFFF	51
155	#FFFFFF	143
156	#FFFFFF	143
157	#FFFFFF	143
158	#FFFFFF	51
159	#FFFFFF	51
160	#FFFFFF	51
161	#FFFFFF	51
162	#FFFFFF	51
163	#FFFFFF	51
164	#FFFFFF	51
165	#FFFFFF	51
166	#FFFFFF	51
167	#FFFFFF	143
168	#FFFFFF	143
169	#FFFFFF	143
170	#FFFFFF	143
171	#FFFFFF	51
172	#FFFFFF	143
173	#FFFFFF	51
174	#FFFFFF	51
175	#FFFFFF	143
176	#FFFFFF	51
177	#FFFFFF	143
178	#FFFFFF	155
179	#FFFFFF	155
180	#FFFFFF	155
181	#FFFFFF	155
182	#FFFFFF	155
183	#FFFFFF	155
184	#FFFFFF	155
185	#FFFFFF	155
186	#FFFFFF	155
187	#FFFFFF	51
188	#FFFFFF	155
189	#FFFFFF	155
190	#FFFFFF	155
191	#FFFFFF	155
192	#FFFFFF	155
193	#FFFFFF	155
194	#FFFFFF	155
195	#FFFFFF	155
196	#FFFFFF	577
198	#FFFFFF	51
199	#FFFFFF	143
200	#FFFFFF	143
201	#FFFFFF	143
202	#FFFFFF	143
203	#FFFFFF	51
204	#FFFFFF	51
205	#FFFFFF	51
206	#FFFFFF	143
207	#FFFFFF	143
208	#FFFFFF	143
209	#FFFFFF	51
210	#FFFFFF	51
211	#FFFFFF	51
212	#FFFFFF	51
213	#FFFFFF	51
214	#FFFFFF	51
215	#FFFFFF	143
216	#FFFFFF	51
217	#FFFFFF	51
218	#FFFFFF	143
219	#FFFFFF	143
220	#FFFFFF	143
221	#FFFFFF	51
222	#FFFFFF	51
223	#FFFFFF	143
224	#FFFFFF	143
225	#FFFFFF	51
226	#FFFFFF	143
227	#FFFFFF	51
228	#FFFFFF	143
229	#FFFFFF	155
230	#FFFFFF	155
231	#FFFFFF	155
232	#FFFFFF	155
233	#FFFFFF	155
234	#FFFFFF	155
235	#FFFFFF	155
236	#FFFFFF	155
237	#FFFFFF	155
238	#FFFFFF	51
239	#FFFFFF	155
240	#FFFFFF	155
241	#FFFFFF	155
242	#FFFFFF	155
243	#FFFFFF	155
244	#FFFFFF	155
245	#FFFFFF	155
246	#FFFFFF	155
247	#FFFFFF	155
248	#FFFFFF	143
249	#FFFFFF	143
250	#FFFFFF	143
251	#FFFFFF	143
252	#FFFFFF	143
254	#FFFFFF	51
255	#FFFFFF	51
256	#FFFFFF	143
257	#FFFFFF	143
258	#FFFFFF	143
259	#FFFFFF	143
260	#FFFFFF	143
261	#FFFFFF	51
262	#FFFFFF	51
263	#FFFFFF	51
264	#FFFFFF	51
265	#FFFFFF	143
266	#FFFFFF	51
267	#FFFFFF	51
268	#FFFFFF	51
269	#FFFFFF	143
270	#FFFFFF	143
271	#FFFFFF	143
272	#FFFFFF	51
273	#FFFFFF	143
274	#FFFFFF	143
275	#FFFFFF	143
276	#FFFFFF	143
277	#FFFFFF	51
278	#FFFFFF	143
279	#FFFFFF	155
280	#FFFFFF	155
281	#FFFFFF	155
282	#FFFFFF	155
283	#FFFFFF	155
284	#FFFFFF	155
285	#FFFFFF	155
286	#FFFFFF	155
287	#FFFFFF	155
288	#FFFFFF	51
289	#FFFFFF	155
290	#FFFFFF	155
291	#FFFFFF	155
292	#FFFFFF	155
293	#FFFFFF	155
294	#FFFFFF	155
295	#FFFFFF	155
296	#FFFFFF	155
297	#FFFFFF	155
299	#FFFFFF	51
300	#FFFFFF	51
301	#FFFFFF	143
302	#FFFFFF	143
303	#FFFFFF	143
304	#FFFFFF	143
305	#FFFFFF	51
306	#FFFFFF	51
307	#FFFFFF	143
308	#FFFFFF	143
309	#FFFFFF	143
310	#FFFFFF	143
311	#FFFFFF	51
312	#FFFFFF	51
313	#FFFFFF	51
314	#FFFFFF	51
315	#FFFFFF	143
316	#FFFFFF	143
317	#FFFFFF	51
318	#FFFFFF	51
319	#FFFFFF	51
320	#FFFFFF	143
321	#FFFFFF	143
322	#FFFFFF	143
323	#FFFFFF	143
324	#FFFFFF	143
325	#FFFFFF	143
326	#FFFFFF	143
327	#FFFFFF	155
328	#FFFFFF	51
329	#FFFFFF	155
330	#FFFFFF	155
331	#FFFFFF	155
332	#FFFFFF	155
333	#FFFFFF	155
334	#FFFFFF	155
335	#FFFFFF	155
336	#FFFFFF	155
337	#FFFFFF	155
338	#FFFFFF	155
339	#FFFFFF	51
340	#FFFFFF	155
341	#FFFFFF	155
342	#FFFFFF	155
343	#FFFFFF	155
344	#FFFFFF	155
345	#FFFFFF	155
346	#FFFFFF	155
347	#FFFFFF	155
348	#FFFFFF	155
349	#FFFFFF	51
350	#FFFFFF	51
351	#FFFFFF	51
352	#FFFFFF	143
353	#FFFFFF	143
355	#FFFFFF	51
356	#FFFFFF	51
357	#FFFFFF	143
358	#FFFFFF	143
359	#FFFFFF	143
360	#FFFFFF	143
361	#FFFFFF	143
362	#FFFFFF	51
363	#FFFFFF	51
364	#FFFFFF	51
365	#FFFFFF	51
366	#FFFFFF	51
367	#FFFFFF	51
368	#FFFFFF	143
369	#FFFFFF	51
370	#FFFFFF	143
371	#FFFFFF	143
372	#FFFFFF	143
373	#FFFFFF	143
374	#FFFFFF	143
375	#FFFFFF	143
376	#FFFFFF	143
377	#FFFFFF	143
378	#FFFFFF	51
379	#FFFFFF	155
380	#FFFFFF	155
381	#FFFFFF	155
382	#FFFFFF	155
383	#FFFFFF	155
384	#FFFFFF	155
385	#FFFFFF	155
386	#FFFFFF	155
387	#FFFFFF	155
388	#FFFFFF	155
389	#FFFFFF	51
390	#FFFFFF	155
391	#FFFFFF	155
392	#FFFFFF	155
393	#FFFFFF	155
394	#FFFFFF	155
395	#FFFFFF	155
396	#FFFFFF	155
397	#FFFFFF	155
398	#FFFFFF	155
400	#FFFFFF	143
401	#FFFFFF	51
402	#FFFFFF	51
403	#FFFFFF	51
404	#FFFFFF	143
405	#FFFFFF	143
406	#FFFFFF	143
407	#FFFFFF	51
408	#FFFFFF	143
409	#FFFFFF	143
410	#FFFFFF	143
411	#FFFFFF	143
412	#FFFFFF	51
413	#FFFFFF	51
414	#FFFFFF	51
415	#FFFFFF	51
416	#FFFFFF	51
417	#FFFFFF	143
418	#FFFFFF	51
419	#FFFFFF	143
420	#FFFFFF	143
421	#FFFFFF	143
422	#FFFFFF	143
423	#FFFFFF	143
424	#FFFFFF	143
425	#FFFFFF	143
426	#FFFFFF	143
427	#FFFFFF	143
428	#FFFFFF	155
429	#FFFFFF	51
430	#FFFFFF	155
431	#FFFFFF	155
432	#FFFFFF	155
433	#FFFFFF	155
434	#FFFFFF	155
435	#FFFFFF	155
436	#FFFFFF	155
437	#FFFFFF	155
438	#FFFFFF	155
439	#FFFFFF	155
440	#FFFFFF	143
441	#FFFFFF	155
442	#FFFFFF	155
443	#FFFFFF	155
444	#FFFFFF	155
445	#FFFFFF	155
446	#FFFFFF	155
447	#FFFFFF	155
448	#FFFFFF	155
449	#FFFFFF	155
450	#FFFFFF	143
451	#FFFFFF	51
452	#FFFFFF	51
453	#FFFFFF	51
454	#FFFFFF	143
456	#FFFFFF	143
457	#FFFFFF	51
458	#FFFFFF	143
459	#FFFFFF	143
460	#FFFFFF	143
461	#FFFFFF	143
462	#FFFFFF	143
463	#FFFFFF	51
464	#FFFFFF	143
465	#FFFFFF	51
466	#FFFFFF	51
467	#FFFFFF	51
468	#FFFFFF	51
469	#FFFFFF	143
470	#FFFFFF	143
471	#FFFFFF	143
472	#FFFFFF	143
473	#FFFFFF	143
474	#FFFFFF	143
475	#FFFFFF	143
476	#FFFFFF	143
477	#FFFFFF	143
478	#FFFFFF	143
479	#FFFFFF	51
480	#FFFFFF	143
481	#FFFFFF	155
482	#FFFFFF	155
483	#FFFFFF	155
484	#FFFFFF	155
485	#FFFFFF	155
486	#FFFFFF	155
487	#FFFFFF	155
488	#FFFFFF	155
489	#FFFFFF	155
490	#FFFFFF	51
491	#FFFFFF	155
492	#FFFFFF	155
493	#FFFFFF	155
494	#FFFFFF	155
495	#FFFFFF	155
496	#FFFFFF	155
497	#FFFFFF	155
498	#FFFFFF	155
499	#FFFFFF	155
501	#FFFFFF	143
502	#FFFFFF	143
503	#FFFFFF	143
504	#FFFFFF	51
505	#FFFFFF	51
506	#FFFFFF	143
507	#FFFFFF	143
508	#FFFFFF	51
509	#FFFFFF	143
510	#FFFFFF	143
511	#FFFFFF	143
512	#FFFFFF	143
513	#FFFFFF	143
514	#FFFFFF	143
515	#FFFFFF	143
516	#FFFFFF	51
517	#FFFFFF	51
518	#FFFFFF	143
519	#FFFFFF	51
520	#FFFFFF	143
521	#FFFFFF	143
522	#FFFFFF	143
523	#FFFFFF	143
524	#FFFFFF	143
525	#FFFFFF	143
526	#FFFFFF	143
527	#FFFFFF	143
528	#FFFFFF	143
529	#FFFFFF	143
530	#FFFFFF	51
531	#FFFFFF	143
532	#FFFFFF	155
533	#FFFFFF	155
534	#FFFFFF	155
535	#FFFFFF	155
536	#FFFFFF	155
537	#FFFFFF	155
538	#FFFFFF	155
539	#FFFFFF	155
540	#FFFFFF	155
541	#FFFFFF	143
542	#FFFFFF	155
543	#FFFFFF	155
544	#FFFFFF	155
545	#FFFFFF	155
546	#FFFFFF	155
547	#FFFFFF	155
548	#FFFFFF	155
549	#FFFFFF	155
550	#FFFFFF	155
551	#FFFFFF	143
552	#FFFFFF	143
553	#FFFFFF	51
554	#FFFFFF	51
555	#FFFFFF	143
557	#FFFFFF	143
558	#FFFFFF	143
559	#FFFFFF	143
560	#FFFFFF	143
561	#FFFFFF	143
562	#FFFFFF	143
563	#FFFFFF	143
564	#FFFFFF	143
565	#FFFFFF	51
566	#FFFFFF	51
567	#FFFFFF	143
568	#FFFFFF	51
569	#FFFFFF	51
570	#FFFFFF	143
571	#FFFFFF	143
572	#FFFFFF	143
573	#FFFFFF	143
574	#FFFFFF	143
575	#FFFFFF	143
576	#FFFFFF	143
577	#FFFFFF	143
578	#FFFFFF	143
579	#FFFFFF	155
580	#FFFFFF	51
581	#FFFFFF	155
582	#FFFFFF	155
583	#FFFFFF	155
584	#FFFFFF	155
585	#FFFFFF	155
586	#FFFFFF	155
587	#FFFFFF	155
588	#FFFFFF	155
589	#FFFFFF	155
590	#FFFFFF	155
591	#FFFFFF	51
592	#FFFFFF	155
593	#FFFFFF	155
594	#FFFFFF	155
595	#FFFFFF	155
596	#FFFFFF	155
597	#FFFFFF	155
598	#FFFFFF	155
599	#FFFFFF	155
600	#FFFFFF	155
602	#FFFFFF	143
603	#FFFFFF	143
604	#FFFFFF	143
605	#FFFFFF	143
606	#FFFFFF	143
607	#FFFFFF	143
608	#FFFFFF	143
609	#FFFFFF	143
610	#FFFFFF	143
611	#FFFFFF	143
612	#FFFFFF	143
613	#FFFFFF	143
614	#FFFFFF	143
615	#FFFFFF	143
616	#FFFFFF	51
617	#FFFFFF	143
618	#FFFFFF	143
619	#FFFFFF	143
620	#FFFFFF	51
621	#FFFFFF	143
622	#FFFFFF	143
623	#FFFFFF	143
624	#FFFFFF	143
625	#FFFFFF	143
626	#FFFFFF	143
627	#FFFFFF	143
628	#FFFFFF	143
629	#FFFFFF	143
630	#FFFFFF	155
631	#FFFFFF	51
632	#FFFFFF	155
633	#FFFFFF	155
634	#FFFFFF	155
635	#FFFFFF	155
636	#FFFFFF	155
637	#FFFFFF	155
638	#FFFFFF	155
639	#FFFFFF	155
640	#FFFFFF	155
641	#FFFFFF	155
642	#FFFFFF	51
643	#FFFFFF	155
644	#FFFFFF	155
645	#FFFFFF	155
646	#FFFFFF	155
647	#FFFFFF	155
648	#FFFFFF	155
649	#FFFFFF	155
650	#FFFFFF	155
651	#FFFFFF	155
652	#FFFFFF	51
653	#FFFFFF	143
654	#FFFFFF	143
655	#FFFFFF	143
656	#FFFFFF	143
658	#FFFFFF	143
659	#FFFFFF	143
660	#FFFFFF	143
661	#FFFFFF	143
662	#FFFFFF	143
663	#FFFFFF	143
664	#FFFFFF	143
665	#FFFFFF	143
666	#FFFFFF	143
667	#FFFFFF	143
668	#FFFFFF	143
669	#FFFFFF	143
670	#FFFFFF	143
671	#FFFFFF	143
672	#FFFFFF	143
673	#FFFFFF	143
674	#FFFFFF	143
675	#FFFFFF	143
676	#FFFFFF	143
677	#FFFFFF	143
678	#FFFFFF	155
679	#FFFFFF	155
680	#FFFFFF	155
681	#FFFFFF	143
682	#FFFFFF	155
683	#FFFFFF	155
684	#FFFFFF	155
685	#FFFFFF	155
686	#FFFFFF	155
687	#FFFFFF	155
688	#FFFFFF	155
689	#FFFFFF	155
690	#FFFFFF	155
691	#FFFFFF	155
692	#FFFFFF	143
693	#FFFFFF	155
694	#FFFFFF	155
695	#FFFFFF	155
696	#FFFFFF	155
697	#FFFFFF	155
698	#FFFFFF	155
699	#FFFFFF	155
700	#FFFFFF	155
701	#FFFFFF	155
703	#FFFFFF	51
704	#FFFFFF	143
705	#FFFFFF	143
706	#FFFFFF	143
707	#FFFFFF	143
708	#FFFFFF	143
709	#FFFFFF	143
710	#FFFFFF	143
711	#FFFFFF	143
712	#FFFFFF	143
713	#FFFFFF	143
714	#FFFFFF	143
715	#FFFFFF	143
716	#FFFFFF	143
717	#FFFFFF	143
718	#FFFFFF	143
719	#FFFFFF	143
720	#FFFFFF	143
721	#FFFFFF	143
722	#FFFFFF	143
723	#FFFFFF	143
724	#FFFFFF	143
725	#FFFFFF	143
726	#FFFFFF	143
727	#FFFFFF	155
728	#FFFFFF	143
729	#FFFFFF	155
730	#FFFFFF	155
731	#FFFFFF	155
732	#FFFFFF	143
733	#FFFFFF	155
734	#FFFFFF	155
735	#FFFFFF	155
736	#FFFFFF	155
737	#FFFFFF	155
738	#FFFFFF	155
739	#FFFFFF	155
740	#FFFFFF	155
741	#FFFFFF	155
742	#FFFFFF	155
743	#FFFFFF	51
744	#FFFFFF	155
745	#FFFFFF	155
746	#FFFFFF	155
747	#FFFFFF	155
748	#FFFFFF	155
749	#FFFFFF	155
750	#FFFFFF	155
751	#FFFFFF	155
752	#FFFFFF	155
753	#FFFFFF	143
754	#FFFFFF	143
755	#FFFFFF	143
756	#FFFFFF	143
757	#FFFFFF	143
759	#FFFFFF	143
760	#FFFFFF	143
761	#FFFFFF	143
762	#FFFFFF	143
763	#FFFFFF	143
764	#FFFFFF	143
765	#FFFFFF	143
766	#FFFFFF	143
767	#FFFFFF	143
768	#FFFFFF	143
769	#FFFFFF	143
770	#FFFFFF	143
771	#FFFFFF	143
772	#FFFFFF	143
773	#FFFFFF	143
774	#FFFFFF	143
775	#FFFFFF	143
776	#FFFFFF	143
777	#FFFFFF	155
778	#FFFFFF	143
779	#FFFFFF	155
780	#FFFFFF	155
781	#FFFFFF	155
782	#FFFFFF	143
783	#FFFFFF	155
784	#FFFFFF	155
785	#FFFFFF	155
786	#FFFFFF	155
787	#FFFFFF	155
788	#FFFFFF	155
789	#FFFFFF	155
790	#FFFFFF	155
791	#FFFFFF	155
792	#FFFFFF	155
793	#FFFFFF	143
794	#FFFFFF	155
795	#FFFFFF	155
796	#FFFFFF	155
797	#FFFFFF	155
798	#FFFFFF	155
799	#FFFFFF	155
800	#FFFFFF	155
801	#FFFFFF	155
802	#FFFFFF	155
804	#FFFFFF	143
805	#FFFFFF	143
806	#FFFFFF	143
807	#FFFFFF	143
808	#FFFFFF	143
809	#FFFFFF	143
810	#FFFFFF	143
811	#FFFFFF	143
812	#FFFFFF	143
813	#FFFFFF	143
814	#FFFFFF	143
815	#FFFFFF	143
816	#FFFFFF	143
817	#FFFFFF	143
818	#FFFFFF	143
819	#FFFFFF	143
820	#FFFFFF	143
821	#FFFFFF	143
822	#FFFFFF	143
823	#FFFFFF	143
824	#FFFFFF	143
825	#FFFFFF	143
826	#FFFFFF	143
827	#FFFFFF	143
828	#FFFFFF	155
829	#FFFFFF	155
830	#FFFFFF	155
831	#FFFFFF	155
832	#FFFFFF	155
833	#FFFFFF	143
834	#FFFFFF	155
835	#FFFFFF	155
836	#FFFFFF	155
837	#FFFFFF	155
838	#FFFFFF	155
839	#FFFFFF	155
840	#FFFFFF	143
841	#FFFFFF	155
842	#FFFFFF	155
843	#FFFFFF	155
844	#FFFFFF	143
845	#FFFFFF	155
846	#FFFFFF	155
847	#FFFFFF	155
848	#FFFFFF	155
849	#FFFFFF	155
850	#FFFFFF	155
851	#FFFFFF	155
852	#FFFFFF	155
853	#FFFFFF	155
854	#FFFFFF	143
855	#FFFFFF	143
856	#FFFFFF	143
857	#FFFFFF	143
858	#FFFFFF	143
860	#FFFFFF	143
861	#FFFFFF	143
862	#FFFFFF	143
863	#FFFFFF	143
864	#FFFFFF	143
865	#FFFFFF	143
866	#FFFFFF	143
867	#FFFFFF	143
868	#FFFFFF	143
869	#FFFFFF	143
870	#FFFFFF	143
871	#FFFFFF	143
872	#FFFFFF	143
873	#FFFFFF	143
874	#FFFFFF	143
875	#FFFFFF	143
876	#FFFFFF	155
877	#FFFFFF	155
878	#FFFFFF	155
879	#FFFFFF	155
880	#FFFFFF	155
881	#FFFFFF	155
882	#FFFFFF	155
883	#FFFFFF	143
884	#FFFFFF	155
885	#FFFFFF	155
886	#FFFFFF	155
887	#FFFFFF	155
888	#FFFFFF	155
889	#FFFFFF	155
890	#FFFFFF	155
891	#FFFFFF	143
892	#FFFFFF	143
893	#FFFFFF	155
894	#FFFFFF	143
895	#FFFFFF	155
896	#FFFFFF	155
897	#FFFFFF	155
898	#FFFFFF	155
899	#FFFFFF	155
900	#FFFFFF	155
901	#FFFFFF	155
902	#FFFFFF	155
903	#FFFFFF	155
905	#FFFFFF	143
906	#FFFFFF	143
907	#FFFFFF	143
908	#FFFFFF	143
909	#FFFFFF	143
910	#FFFFFF	143
911	#FFFFFF	143
912	#FFFFFF	143
913	#FFFFFF	143
914	#FFFFFF	143
915	#FFFFFF	143
916	#FFFFFF	143
917	#FFFFFF	143
918	#FFFFFF	143
919	#FFFFFF	143
920	#FFFFFF	143
921	#FFFFFF	143
922	#FFFFFF	143
923	#FFFFFF	143
924	#FFFFFF	143
925	#FFFFFF	143
926	#FFFFFF	143
927	#FFFFFF	155
928	#FFFFFF	155
929	#FFFFFF	155
930	#FFFFFF	155
931	#FFFFFF	155
932	#FFFFFF	155
933	#FFFFFF	155
934	#FFFFFF	143
935	#FFFFFF	155
936	#FFFFFF	155
937	#FFFFFF	155
938	#FFFFFF	155
939	#FFFFFF	155
940	#FFFFFF	155
941	#FFFFFF	143
942	#FFFFFF	143
943	#FFFFFF	143
944	#FFFFFF	155
945	#FFFFFF	143
946	#FFFFFF	155
947	#FFFFFF	155
948	#FFFFFF	155
949	#FFFFFF	155
950	#FFFFFF	155
951	#FFFFFF	155
952	#FFFFFF	155
953	#FFFFFF	155
954	#FFFFFF	155
955	#FFFFFF	143
956	#FFFFFF	143
957	#FFFFFF	143
958	#FFFFFF	143
959	#FFFFFF	143
961	#FFFFFF	143
962	#FFFFFF	143
963	#FFFFFF	143
964	#FFFFFF	143
965	#FFFFFF	143
966	#FFFFFF	143
967	#FFFFFF	143
968	#FFFFFF	143
969	#FFFFFF	143
970	#FFFFFF	143
971	#FFFFFF	143
972	#FFFFFF	143
973	#FFFFFF	143
974	#FFFFFF	143
975	#FFFFFF	143
976	#FFFFFF	155
977	#FFFFFF	143
978	#FFFFFF	143
979	#FFFFFF	155
980	#FFFFFF	155
981	#FFFFFF	155
982	#FFFFFF	155
983	#FFFFFF	155
984	#FFFFFF	143
985	#FFFFFF	155
986	#FFFFFF	155
987	#FFFFFF	155
988	#FFFFFF	155
989	#FFFFFF	155
990	#FFFFFF	155
991	#FFFFFF	143
992	#FFFFFF	143
993	#FFFFFF	143
994	#FFFFFF	155
995	#FFFFFF	143
996	#FFFFFF	155
997	#FFFFFF	155
998	#FFFFFF	155
999	#FFFFFF	155
1000	#FFFFFF	155
1001	#FFFFFF	155
1002	#FFFFFF	155
1003	#FFFFFF	155
1004	#FFFFFF	155
1006	#FFFFFF	143
1007	#FFFFFF	143
1008	#FFFFFF	143
1009	#FFFFFF	143
1010	#FFFFFF	143
1011	#FFFFFF	143
1012	#FFFFFF	143
1013	#FFFFFF	143
1014	#FFFFFF	143
1015	#FFFFFF	143
1016	#FFFFFF	143
1017	#FFFFFF	143
1018	#FFFFFF	143
1019	#FFFFFF	143
1020	#FFFFFF	143
1021	#FFFFFF	143
1022	#FFFFFF	143
1023	#FFFFFF	143
1024	#FFFFFF	143
1025	#FFFFFF	143
1026	#FFFFFF	155
1027	#FFFFFF	155
1028	#FFFFFF	143
1029	#FFFFFF	155
1030	#FFFFFF	155
1031	#FFFFFF	155
1032	#FFFFFF	155
1033	#FFFFFF	155
1034	#FFFFFF	155
1035	#FFFFFF	143
1036	#FFFFFF	155
1037	#FFFFFF	155
1038	#FFFFFF	155
1039	#FFFFFF	155
1040	#FFFFFF	155
1041	#FFFFFF	143
1042	#FFFFFF	155
1043	#FFFFFF	143
1044	#FFFFFF	143
1045	#FFFFFF	155
1046	#FFFFFF	143
1047	#FFFFFF	155
1048	#FFFFFF	155
1049	#FFFFFF	155
1050	#FFFFFF	155
1051	#FFFFFF	155
1052	#FFFFFF	155
1053	#FFFFFF	155
1054	#FFFFFF	155
1055	#FFFFFF	155
1056	#FFFFFF	143
1057	#FFFFFF	143
1058	#FFFFFF	143
1059	#FFFFFF	143
1060	#FFFFFF	143
1062	#FFFFFF	143
1063	#FFFFFF	143
1064	#FFFFFF	143
1065	#FFFFFF	143
1066	#FFFFFF	143
1067	#FFFFFF	143
1068	#FFFFFF	143
1069	#FFFFFF	143
1070	#FFFFFF	143
1071	#FFFFFF	143
1072	#FFFFFF	143
1073	#FFFFFF	143
1074	#FFFFFF	143
1075	#FFFFFF	143
1076	#FFFFFF	155
1077	#FFFFFF	155
1078	#FFFFFF	155
1079	#FFFFFF	155
1080	#FFFFFF	155
1081	#FFFFFF	155
1082	#FFFFFF	155
1083	#FFFFFF	155
1084	#FFFFFF	155
1085	#FFFFFF	143
1086	#FFFFFF	155
1087	#FFFFFF	155
1088	#FFFFFF	155
1089	#FFFFFF	155
1090	#FFFFFF	155
1091	#FFFFFF	143
1092	#FFFFFF	143
1093	#FFFFFF	155
1094	#FFFFFF	143
1095	#FFFFFF	155
1096	#FFFFFF	143
1097	#FFFFFF	155
1098	#FFFFFF	155
1099	#FFFFFF	155
1100	#FFFFFF	155
1101	#FFFFFF	155
1102	#FFFFFF	155
1103	#FFFFFF	155
1104	#FFFFFF	155
1105	#FFFFFF	155
1107	#FFFFFF	143
1108	#FFFFFF	143
1109	#FFFFFF	143
1110	#FFFFFF	143
1111	#FFFFFF	143
1112	#FFFFFF	143
1113	#FFFFFF	143
1114	#FFFFFF	143
1115	#FFFFFF	143
1116	#FFFFFF	143
1117	#FFFFFF	143
1118	#FFFFFF	143
1119	#FFFFFF	143
1120	#FFFFFF	143
1121	#FFFFFF	143
1122	#FFFFFF	143
1123	#FFFFFF	143
1124	#FFFFFF	143
1125	#FFFFFF	143
1126	#FFFFFF	143
1127	#FFFFFF	155
1128	#FFFFFF	155
1129	#FFFFFF	155
1130	#FFFFFF	155
1131	#FFFFFF	155
1132	#FFFFFF	155
1133	#FFFFFF	155
1134	#FFFFFF	155
1135	#FFFFFF	155
1136	#FFFFFF	143
1137	#FFFFFF	155
1138	#FFFFFF	155
1139	#FFFFFF	143
1140	#FFFFFF	143
1141	#FFFFFF	143
1142	#FFFFFF	143
1143	#FFFFFF	155
1144	#FFFFFF	143
1145	#FFFFFF	155
1146	#FFFFFF	155
1147	#FFFFFF	143
1148	#FFFFFF	155
1149	#FFFFFF	155
1150	#FFFFFF	155
1151	#FFFFFF	155
1152	#FFFFFF	155
1153	#FFFFFF	155
1154	#FFFFFF	155
1155	#FFFFFF	155
1156	#FFFFFF	155
1157	#FFFFFF	143
1158	#FFFFFF	143
1159	#FFFFFF	143
1160	#FFFFFF	143
1161	#FFFFFF	143
1163	#FFFFFF	143
1164	#FFFFFF	143
1165	#FFFFFF	51
1166	#FFFFFF	51
1167	#FFFFFF	51
1168	#FFFFFF	51
1169	#FFFFFF	51
1170	#FFFFFF	51
1171	#FFFFFF	51
1172	#FFFFFF	51
1173	#FFFFFF	51
1174	#FFFFFF	51
1175	#FFFFFF	143
1176	#FFFFFF	51
1177	#FFFFFF	51
1178	#FFFFFF	51
1179	#FFFFFF	51
1180	#FFFFFF	51
1181	#FFFFFF	51
1182	#FFFFFF	51
1183	#FFFFFF	51
1184	#FFFFFF	51
1185	#FFFFFF	51
1186	#FFFFFF	51
1187	#FFFFFF	143
1188	#FFFFFF	143
1189	#FFFFFF	143
1190	#FFFFFF	143
1191	#FFFFFF	143
1192	#FFFFFF	143
1193	#FFFFFF	51
1194	#FFFFFF	143
1195	#FFFFFF	51
1196	#FFFFFF	155
1197	#FFFFFF	51
1198	#FFFFFF	155
1199	#FFFFFF	155
1200	#FFFFFF	155
1201	#FFFFFF	155
1202	#FFFFFF	155
1203	#FFFFFF	155
1204	#FFFFFF	155
1205	#FFFFFF	155
1206	#FFFFFF	155
1208	#FFFFFF	51
1209	#FFFFFF	51
1210	#FFFFFF	51
1211	#FFFFFF	51
1212	#FFFFFF	143
1213	#FFFFFF	143
1214	#FFFFFF	143
1215	#FFFFFF	143
1216	#FFFFFF	51
1217	#FFFFFF	51
1218	#FFFFFF	51
1219	#FFFFFF	51
1220	#FFFFFF	51
1221	#FFFFFF	51
1222	#FFFFFF	51
1223	#FFFFFF	51
1224	#FFFFFF	51
1225	#FFFFFF	51
1226	#FFFFFF	51
1227	#FFFFFF	51
1228	#FFFFFF	51
1229	#FFFFFF	51
1230	#FFFFFF	51
1231	#FFFFFF	51
1232	#FFFFFF	51
1233	#FFFFFF	51
1234	#FFFFFF	51
1235	#FFFFFF	51
1236	#FFFFFF	143
1237	#FFFFFF	143
1238	#FFFFFF	143
1239	#FFFFFF	143
1240	#FFFFFF	143
1241	#FFFFFF	143
1242	#FFFFFF	143
1243	#FFFFFF	155
1244	#FFFFFF	51
1245	#FFFFFF	51
1246	#FFFFFF	155
1247	#FFFFFF	155
1248	#FFFFFF	51
1249	#FFFFFF	155
1250	#FFFFFF	155
1251	#FFFFFF	155
1252	#FFFFFF	155
1253	#FFFFFF	155
1254	#FFFFFF	155
1255	#FFFFFF	155
1256	#FFFFFF	155
1257	#FFFFFF	155
1258	#FFFFFF	51
1259	#FFFFFF	51
1260	#FFFFFF	143
1261	#FFFFFF	143
1262	#FFFFFF	143
1264	#FFFFFF	143
1265	#FFFFFF	143
1266	#FFFFFF	143
1267	#FFFFFF	143
1268	#FFFFFF	143
1269	#FFFFFF	143
1270	#FFFFFF	143
1271	#FFFFFF	143
1272	#FFFFFF	143
1273	#FFFFFF	143
1274	#FFFFFF	143
1275	#FFFFFF	143
1276	#FFFFFF	143
1277	#FFFFFF	143
1278	#FFFFFF	155
1279	#FFFFFF	155
1280	#FFFFFF	155
1281	#FFFFFF	155
1282	#FFFFFF	155
1283	#FFFFFF	155
1284	#FFFFFF	155
1285	#FFFFFF	155
1286	#FFFFFF	155
1287	#FFFFFF	143
1288	#FFFFFF	155
1289	#FFFFFF	155
1290	#FFFFFF	143
1291	#FFFFFF	143
1292	#FFFFFF	143
1293	#FFFFFF	143
1294	#FFFFFF	155
1295	#FFFFFF	155
1296	#FFFFFF	155
1297	#FFFFFF	155
1298	#FFFFFF	143
1299	#FFFFFF	155
1300	#FFFFFF	155
1301	#FFFFFF	155
1302	#FFFFFF	155
1303	#FFFFFF	155
1304	#FFFFFF	155
1305	#FFFFFF	155
1306	#FFFFFF	155
1307	#FFFFFF	155
1309	#FFFFFF	143
1310	#FFFFFF	143
1311	#FFFFFF	143
1312	#FFFFFF	143
1313	#FFFFFF	143
1314	#FFFFFF	143
1315	#FFFFFF	143
1316	#FFFFFF	143
1317	#FFFFFF	143
1318	#FFFFFF	143
1319	#FFFFFF	143
1320	#FFFFFF	143
1321	#FFFFFF	143
1322	#FFFFFF	143
1323	#FFFFFF	143
1324	#FFFFFF	143
1325	#FFFFFF	143
1326	#FFFFFF	143
1327	#FFFFFF	143
1328	#FFFFFF	143
1329	#FFFFFF	155
1330	#FFFFFF	155
1331	#FFFFFF	155
1332	#FFFFFF	155
1333	#FFFFFF	155
1334	#FFFFFF	155
1335	#FFFFFF	155
1336	#FFFFFF	155
1337	#FFFFFF	155
1338	#FFFFFF	143
1339	#FFFFFF	155
1340	#FFFFFF	143
1341	#FFFFFF	155
1342	#FFFFFF	143
1343	#FFFFFF	143
1344	#FFFFFF	155
1345	#FFFFFF	155
1346	#FFFFFF	155
1347	#FFFFFF	155
1348	#FFFFFF	155
1349	#FFFFFF	143
1350	#FFFFFF	155
1351	#FFFFFF	155
1352	#FFFFFF	155
1353	#FFFFFF	155
1354	#FFFFFF	155
1355	#FFFFFF	155
1356	#FFFFFF	155
1357	#FFFFFF	155
1358	#FFFFFF	155
1359	#FFFFFF	143
1360	#FFFFFF	143
1361	#FFFFFF	143
1362	#FFFFFF	143
1363	#FFFFFF	143
1365	#FFFFFF	143
1366	#FFFFFF	143
1367	#FFFFFF	143
1368	#FFFFFF	143
1369	#FFFFFF	143
1370	#FFFFFF	143
1371	#FFFFFF	143
1372	#FFFFFF	143
1373	#FFFFFF	143
1374	#FFFFFF	143
1375	#FFFFFF	143
1376	#FFFFFF	143
1377	#FFFFFF	143
1378	#FFFFFF	143
1379	#FFFFFF	143
1380	#FFFFFF	155
1381	#FFFFFF	155
1382	#FFFFFF	155
1383	#FFFFFF	155
1384	#FFFFFF	155
1385	#FFFFFF	155
1386	#FFFFFF	155
1387	#FFFFFF	155
1388	#FFFFFF	143
1389	#FFFFFF	155
1390	#FFFFFF	155
1391	#FFFFFF	155
1392	#FFFFFF	143
1393	#FFFFFF	143
1394	#FFFFFF	143
1395	#FFFFFF	155
1396	#FFFFFF	155
1397	#FFFFFF	155
1398	#FFFFFF	155
1399	#FFFFFF	143
1400	#FFFFFF	155
1401	#FFFFFF	155
1402	#FFFFFF	155
1403	#FFFFFF	155
1404	#FFFFFF	155
1405	#FFFFFF	155
1406	#FFFFFF	155
1407	#FFFFFF	155
1408	#FFFFFF	303
1410	#FFFFFF	143
1411	#FFFFFF	143
1412	#FFFFFF	143
1413	#FFFFFF	143
1414	#FFFFFF	143
1415	#FFFFFF	143
1416	#FFFFFF	143
1417	#FFFFFF	143
1418	#FFFFFF	143
1419	#FFFFFF	143
1420	#FFFFFF	143
1421	#FFFFFF	143
1422	#FFFFFF	143
1423	#FFFFFF	143
1424	#FFFFFF	143
1425	#FFFFFF	143
1426	#FFFFFF	143
1427	#FFFFFF	155
1428	#FFFFFF	143
1429	#FFFFFF	155
1430	#FFFFFF	155
1431	#FFFFFF	155
1432	#FFFFFF	155
1433	#FFFFFF	155
1434	#FFFFFF	155
1435	#FFFFFF	155
1436	#FFFFFF	155
1437	#FFFFFF	155
1438	#FFFFFF	155
1439	#FFFFFF	143
1440	#FFFFFF	155
1441	#FFFFFF	155
1442	#FFFFFF	143
1443	#FFFFFF	143
1444	#FFFFFF	143
1445	#FFFFFF	155
1446	#FFFFFF	155
1447	#FFFFFF	155
1448	#FFFFFF	155
1449	#FFFFFF	155
1450	#FFFFFF	143
1451	#FFFFFF	155
1452	#FFFFFF	155
1453	#FFFFFF	155
1454	#FFFFFF	155
1455	#FFFFFF	155
1456	#FFFFFF	155
1457	#FFFFFF	155
1458	#FFFFFF	303
1459	#FFFFFF	155
1460	#FFFFFF	143
1461	#FFFFFF	143
1462	#FFFFFF	143
1463	#FFFFFF	143
1464	#FFFFFF	143
1466	#FFFFFF	143
1467	#FFFFFF	143
1468	#FFFFFF	143
1469	#FFFFFF	143
1470	#FFFFFF	143
1471	#FFFFFF	143
1472	#FFFFFF	143
1473	#FFFFFF	143
1474	#FFFFFF	143
1475	#FFFFFF	143
1476	#FFFFFF	143
1477	#FFFFFF	143
1478	#FFFFFF	143
1479	#FFFFFF	155
1480	#FFFFFF	155
1481	#FFFFFF	155
1482	#FFFFFF	155
1483	#FFFFFF	155
1484	#FFFFFF	155
1485	#FFFFFF	155
1486	#FFFFFF	155
1487	#FFFFFF	155
1488	#FFFFFF	155
1489	#FFFFFF	143
1490	#FFFFFF	155
1491	#FFFFFF	155
1492	#FFFFFF	155
1493	#FFFFFF	155
1494	#FFFFFF	143
1495	#FFFFFF	155
1496	#FFFFFF	155
1497	#FFFFFF	155
1498	#FFFFFF	155
1499	#FFFFFF	155
1500	#FFFFFF	143
1501	#FFFFFF	155
1502	#FFFFFF	155
1503	#FFFFFF	155
1504	#FFFFFF	155
1505	#FFFFFF	155
1506	#FFFFFF	155
1507	#FFFFFF	155
1508	#FFFFFF	303
1509	#FFFFFF	155
1511	#FFFFFF	143
1512	#FFFFFF	143
1513	#FFFFFF	143
1514	#FFFFFF	143
1515	#FFFFFF	143
1516	#FFFFFF	143
1517	#FFFFFF	143
1518	#FFFFFF	143
1519	#FFFFFF	143
1520	#FFFFFF	143
1521	#FFFFFF	143
1522	#FFFFFF	143
1523	#FFFFFF	143
1524	#FFFFFF	143
1525	#FFFFFF	143
1526	#FFFFFF	143
1527	#FFFFFF	155
1528	#FFFFFF	155
1529	#FFFFFF	143
1530	#FFFFFF	155
1531	#FFFFFF	155
1532	#FFFFFF	143
1533	#FFFFFF	155
1534	#FFFFFF	155
1535	#FFFFFF	155
1536	#FFFFFF	155
1537	#FFFFFF	155
1538	#FFFFFF	155
1539	#FFFFFF	155
1540	#FFFFFF	143
1541	#FFFFFF	155
1542	#FFFFFF	143
1543	#FFFFFF	155
1544	#FFFFFF	143
1545	#FFFFFF	143
1546	#FFFFFF	143
1547	#FFFFFF	155
1548	#FFFFFF	155
1549	#FFFFFF	155
1550	#FFFFFF	155
1551	#FFFFFF	143
1552	#FFFFFF	155
1553	#FFFFFF	155
1554	#FFFFFF	155
1555	#FFFFFF	155
1556	#FFFFFF	155
1557	#FFFFFF	155
1558	#FFFFFF	303
1559	#FFFFFF	303
1560	#FFFFFF	303
1561	#FFFFFF	143
1562	#FFFFFF	143
1563	#FFFFFF	143
1564	#FFFFFF	143
1565	#FFFFFF	143
1567	#FFFFFF	143
1568	#FFFFFF	143
1569	#FFFFFF	143
1570	#FFFFFF	143
1571	#FFFFFF	143
1572	#FFFFFF	143
1573	#FFFFFF	143
1574	#FFFFFF	143
1575	#FFFFFF	143
1576	#FFFFFF	143
1577	#FFFFFF	143
1578	#FFFFFF	155
1579	#FFFFFF	143
1580	#FFFFFF	155
1581	#FFFFFF	155
1582	#FFFFFF	143
1583	#FFFFFF	143
1584	#FFFFFF	155
1585	#FFFFFF	155
1586	#FFFFFF	155
1587	#FFFFFF	155
1588	#FFFFFF	155
1589	#FFFFFF	155
1590	#FFFFFF	143
1591	#FFFFFF	155
1592	#FFFFFF	143
1593	#FFFFFF	143
1594	#FFFFFF	155
1595	#FFFFFF	155
1596	#FFFFFF	143
1597	#FFFFFF	155
1598	#FFFFFF	155
1599	#FFFFFF	155
1600	#FFFFFF	155
1601	#FFFFFF	143
1602	#FFFFFF	155
1603	#FFFFFF	155
1604	#FFFFFF	155
1605	#FFFFFF	155
1606	#FFFFFF	155
1607	#FFFFFF	155
1608	#FFFFFF	155
1609	#FFFFFF	155
1610	#FFFFFF	303
1612	#FFFFFF	143
1613	#FFFFFF	143
1614	#FFFFFF	143
1615	#FFFFFF	143
1616	#FFFFFF	143
1617	#FFFFFF	143
1618	#FFFFFF	143
1619	#FFFFFF	143
1620	#FFFFFF	143
1621	#FFFFFF	143
1622	#FFFFFF	143
1623	#FFFFFF	143
1624	#FFFFFF	143
1625	#FFFFFF	155
1626	#FFFFFF	155
1627	#FFFFFF	143
1628	#FFFFFF	143
1629	#FFFFFF	143
1630	#FFFFFF	143
1631	#FFFFFF	155
1632	#FFFFFF	155
1633	#FFFFFF	143
1634	#FFFFFF	143
1635	#FFFFFF	155
1636	#FFFFFF	155
1637	#FFFFFF	155
1638	#FFFFFF	155
1639	#FFFFFF	155
1640	#FFFFFF	143
1641	#FFFFFF	143
1642	#FFFFFF	143
1643	#FFFFFF	143
1644	#FFFFFF	143
1645	#FFFFFF	155
1646	#FFFFFF	143
1647	#FFFFFF	155
1648	#FFFFFF	155
1649	#FFFFFF	155
1650	#FFFFFF	155
1651	#FFFFFF	155
1652	#FFFFFF	143
1653	#FFFFFF	155
1654	#FFFFFF	155
1655	#FFFFFF	155
1656	#FFFFFF	155
1657	#FFFFFF	155
1658	#FFFFFF	155
1659	#FFFFFF	155
1660	#FFFFFF	303
1661	#FFFFFF	303
1662	#FFFFFF	143
1663	#FFFFFF	143
1664	#FFFFFF	143
1665	#FFFFFF	143
1666	#FFFFFF	143
1668	#FFFFFF	143
1669	#FFFFFF	143
1670	#FFFFFF	143
1671	#FFFFFF	143
1672	#FFFFFF	143
1673	#FFFFFF	143
1674	#FFFFFF	143
1675	#FFFFFF	143
1676	#FFFFFF	155
1677	#FFFFFF	143
1678	#FFFFFF	143
1679	#FFFFFF	143
1680	#FFFFFF	143
1681	#FFFFFF	155
1682	#FFFFFF	155
1683	#FFFFFF	155
1684	#FFFFFF	155
1685	#FFFFFF	143
1686	#FFFFFF	155
1687	#FFFFFF	155
1688	#FFFFFF	155
1689	#FFFFFF	155
1690	#FFFFFF	143
1691	#FFFFFF	143
1692	#FFFFFF	143
1693	#FFFFFF	143
1694	#FFFFFF	143
1695	#FFFFFF	143
1696	#FFFFFF	143
1697	#FFFFFF	155
1698	#FFFFFF	155
1699	#FFFFFF	155
1700	#FFFFFF	155
1701	#FFFFFF	155
1702	#FFFFFF	143
1703	#FFFFFF	155
1704	#FFFFFF	155
1705	#FFFFFF	155
1706	#FFFFFF	155
1707	#FFFFFF	155
1708	#FFFFFF	155
1709	#FFFFFF	155
1710	#FFFFFF	155
1711	#FFFFFF	303
1713	#FFFFFF	143
1714	#FFFFFF	143
1715	#FFFFFF	155
1716	#FFFFFF	143
1717	#FFFFFF	143
1718	#FFFFFF	143
1719	#FFFFFF	143
1720	#FFFFFF	143
1721	#FFFFFF	143
1722	#FFFFFF	143
1723	#FFFFFF	143
1724	#FFFFFF	143
1725	#FFFFFF	143
1726	#FFFFFF	155
1727	#FFFFFF	143
1728	#FFFFFF	143
1729	#FFFFFF	143
1730	#FFFFFF	155
1731	#FFFFFF	143
1732	#FFFFFF	155
1733	#FFFFFF	155
1734	#FFFFFF	155
1735	#FFFFFF	143
1736	#FFFFFF	143
1737	#FFFFFF	155
1738	#FFFFFF	155
1739	#FFFFFF	155
1740	#FFFFFF	143
1741	#FFFFFF	143
1742	#FFFFFF	143
1743	#FFFFFF	143
1744	#FFFFFF	143
1745	#FFFFFF	143
1746	#FFFFFF	143
1747	#FFFFFF	155
1748	#FFFFFF	155
1749	#FFFFFF	155
1750	#FFFFFF	155
1751	#FFFFFF	155
1752	#FFFFFF	155
1753	#FFFFFF	143
1754	#FFFFFF	155
1755	#FFFFFF	155
1756	#FFFFFF	155
1757	#FFFFFF	155
1758	#FFFFFF	155
1759	#FFFFFF	155
1760	#FFFFFF	155
1761	#FFFFFF	155
1762	#FFFFFF	155
1763	#FFFFFF	143
1764	#FFFFFF	143
1765	#FFFFFF	155
1766	#FFFFFF	143
1767	#FFFFFF	143
1769	#FFFFFF	143
1770	#FFFFFF	143
1771	#FFFFFF	155
1772	#FFFFFF	143
1773	#FFFFFF	143
1774	#FFFFFF	143
1775	#FFFFFF	143
1776	#FFFFFF	155
1777	#FFFFFF	155
1778	#FFFFFF	155
1779	#FFFFFF	143
1780	#FFFFFF	143
1781	#FFFFFF	143
1782	#FFFFFF	155
1783	#FFFFFF	155
1784	#FFFFFF	155
1785	#FFFFFF	155
1786	#FFFFFF	143
1787	#FFFFFF	155
1788	#FFFFFF	155
1789	#FFFFFF	143
1790	#FFFFFF	143
1791	#FFFFFF	143
1792	#FFFFFF	143
1793	#FFFFFF	143
1794	#FFFFFF	143
1795	#FFFFFF	143
1796	#FFFFFF	143
1797	#FFFFFF	143
1798	#FFFFFF	155
1799	#FFFFFF	155
1800	#FFFFFF	155
1801	#FFFFFF	155
1802	#FFFFFF	155
1803	#FFFFFF	143
1804	#FFFFFF	155
1805	#FFFFFF	155
1806	#FFFFFF	155
1807	#FFFFFF	155
1808	#FFFFFF	155
1809	#FFFFFF	155
1810	#FFFFFF	155
1811	#FFFFFF	155
1812	#FFFFFF	155
1814	#FFFFFF	143
1815	#FFFFFF	143
1816	#FFFFFF	155
1817	#FFFFFF	155
1818	#FFFFFF	155
1819	#FFFFFF	143
1820	#FFFFFF	143
1821	#FFFFFF	143
1822	#FFFFFF	143
1823	#FFFFFF	143
1824	#FFFFFF	143
1825	#FFFFFF	143
1826	#FFFFFF	143
1827	#FFFFFF	155
1828	#FFFFFF	155
1829	#FFFFFF	143
1830	#FFFFFF	143
1831	#FFFFFF	143
1832	#FFFFFF	143
1833	#FFFFFF	155
1834	#FFFFFF	155
1835	#FFFFFF	155
1836	#FFFFFF	155
1837	#FFFFFF	143
1838	#FFFFFF	155
1839	#FFFFFF	155
1840	#FFFFFF	143
1841	#FFFFFF	143
1842	#FFFFFF	143
1843	#FFFFFF	143
1844	#FFFFFF	143
1845	#FFFFFF	143
1846	#FFFFFF	143
1847	#FFFFFF	155
1848	#FFFFFF	143
1849	#FFFFFF	155
1850	#FFFFFF	155
1851	#FFFFFF	155
1852	#FFFFFF	155
1853	#FFFFFF	155
1854	#FFFFFF	143
1855	#FFFFFF	155
1856	#FFFFFF	155
1857	#FFFFFF	155
1858	#FFFFFF	155
1859	#FFFFFF	155
1860	#FFFFFF	155
1861	#FFFFFF	155
1862	#FFFFFF	155
1863	#FFFFFF	155
1864	#FFFFFF	143
1865	#FFFFFF	143
1866	#FFFFFF	155
1867	#FFFFFF	155
1868	#FFFFFF	155
1870	#FFFFFF	143
1871	#FFFFFF	143
1872	#FFFFFF	155
1873	#FFFFFF	143
1874	#FFFFFF	143
1875	#FFFFFF	143
1876	#FFFFFF	143
1877	#FFFFFF	143
1878	#FFFFFF	155
1879	#FFFFFF	155
1880	#FFFFFF	143
1881	#FFFFFF	143
1882	#FFFFFF	143
1883	#FFFFFF	143
1884	#FFFFFF	155
1885	#FFFFFF	155
1886	#FFFFFF	155
1887	#FFFFFF	143
1888	#FFFFFF	155
1889	#FFFFFF	143
1890	#FFFFFF	155
1891	#FFFFFF	143
1892	#FFFFFF	143
1893	#FFFFFF	143
1894	#FFFFFF	143
1895	#FFFFFF	143
1896	#FFFFFF	143
1897	#FFFFFF	155
1898	#FFFFFF	155
1899	#FFFFFF	155
1900	#FFFFFF	155
1901	#FFFFFF	155
1902	#FFFFFF	155
1903	#FFFFFF	155
1904	#FFFFFF	143
1905	#FFFFFF	155
1906	#FFFFFF	155
1907	#FFFFFF	155
1908	#FFFFFF	155
1909	#FFFFFF	155
1910	#FFFFFF	155
1911	#FFFFFF	155
1912	#FFFFFF	155
1913	#FFFFFF	155
1915	#FFFFFF	143
1916	#FFFFFF	143
1917	#FFFFFF	143
1918	#FFFFFF	155
1919	#FFFFFF	143
1920	#FFFFFF	143
1921	#FFFFFF	143
1922	#FFFFFF	143
1923	#FFFFFF	143
1924	#FFFFFF	143
1925	#FFFFFF	143
1926	#FFFFFF	155
1927	#FFFFFF	143
1928	#FFFFFF	143
1929	#FFFFFF	155
1930	#FFFFFF	155
1931	#FFFFFF	143
1932	#FFFFFF	143
1933	#FFFFFF	143
1934	#FFFFFF	155
1935	#FFFFFF	155
1936	#FFFFFF	155
1937	#FFFFFF	143
1938	#FFFFFF	155
1939	#FFFFFF	143
1940	#FFFFFF	143
1941	#FFFFFF	143
1942	#FFFFFF	155
1943	#FFFFFF	155
1944	#FFFFFF	143
1945	#FFFFFF	143
1946	#FFFFFF	143
1947	#FFFFFF	143
1948	#FFFFFF	143
1949	#FFFFFF	155
1950	#FFFFFF	155
1951	#FFFFFF	155
1952	#FFFFFF	155
1953	#FFFFFF	155
1954	#FFFFFF	155
1955	#FFFFFF	143
1956	#FFFFFF	155
1957	#FFFFFF	155
1958	#FFFFFF	155
1959	#FFFFFF	155
1960	#FFFFFF	155
1961	#FFFFFF	155
1962	#FFFFFF	155
1963	#FFFFFF	155
1964	#FFFFFF	303
1965	#FFFFFF	143
1966	#FFFFFF	143
1967	#FFFFFF	143
1968	#FFFFFF	155
1969	#FFFFFF	143
1971	#FFFFFF	143
1972	#FFFFFF	143
1973	#FFFFFF	143
1974	#FFFFFF	143
1975	#FFFFFF	155
1976	#FFFFFF	155
1977	#FFFFFF	143
1978	#FFFFFF	155
1979	#FFFFFF	155
1980	#FFFFFF	155
1981	#FFFFFF	143
1982	#FFFFFF	143
1983	#FFFFFF	143
1984	#FFFFFF	155
1985	#FFFFFF	155
1986	#FFFFFF	155
1987	#FFFFFF	155
1988	#FFFFFF	143
1989	#FFFFFF	143
1990	#FFFFFF	143
1991	#FFFFFF	143
1992	#FFFFFF	155
1993	#FFFFFF	155
1994	#FFFFFF	143
1995	#FFFFFF	155
1996	#FFFFFF	143
1997	#FFFFFF	143
1998	#FFFFFF	143
1999	#FFFFFF	155
2000	#FFFFFF	155
2001	#FFFFFF	155
2002	#FFFFFF	155
2003	#FFFFFF	155
2004	#FFFFFF	155
2005	#FFFFFF	143
2006	#FFFFFF	155
2007	#FFFFFF	155
2008	#FFFFFF	155
2009	#FFFFFF	155
2010	#FFFFFF	155
2011	#FFFFFF	155
2012	#FFFFFF	155
2013	#FFFFFF	155
2014	#FFFFFF	155
2016	#FFFFFF	143
2017	#FFFFFF	143
2018	#FFFFFF	143
2019	#FFFFFF	155
2020	#FFFFFF	155
2021	#FFFFFF	143
2022	#FFFFFF	889
2023	#FFFFFF	143
2024	#FFFFFF	143
2025	#FFFFFF	155
2026	#FFFFFF	155
2027	#FFFFFF	155
2028	#FFFFFF	155
2029	#FFFFFF	155
2030	#FFFFFF	155
2031	#FFFFFF	155
2032	#FFFFFF	155
2033	#FFFFFF	155
2034	#FFFFFF	143
2035	#FFFFFF	155
2036	#FFFFFF	155
2037	#FFFFFF	155
2038	#FFFFFF	155
2039	#FFFFFF	143
2040	#FFFFFF	143
2041	#FFFFFF	143
2042	#FFFFFF	155
2043	#FFFFFF	155
2044	#FFFFFF	155
2045	#FFFFFF	143
2046	#FFFFFF	143
2047	#FFFFFF	143
2048	#FFFFFF	143
2049	#FFFFFF	155
2050	#FFFFFF	155
2051	#FFFFFF	155
2052	#FFFFFF	155
2053	#FFFFFF	155
2054	#FFFFFF	155
2055	#FFFFFF	155
2056	#FFFFFF	143
2057	#FFFFFF	155
2058	#FFFFFF	155
2059	#FFFFFF	155
2060	#FFFFFF	155
2061	#FFFFFF	155
2062	#FFFFFF	155
2063	#FFFFFF	155
2064	#FFFFFF	155
2065	#FFFFFF	303
2066	#FFFFFF	143
2067	#FFFFFF	143
2068	#FFFFFF	143
2069	#FFFFFF	155
2070	#FFFFFF	155
2072	#FFFFFF	143
2073	#FFFFFF	889
2074	#FFFFFF	143
2075	#FFFFFF	143
2076	#FFFFFF	155
2077	#FFFFFF	155
2078	#FFFFFF	155
2079	#FFFFFF	155
2080	#FFFFFF	155
2081	#FFFFFF	155
2082	#FFFFFF	155
2083	#FFFFFF	155
2084	#FFFFFF	143
2085	#FFFFFF	155
2086	#FFFFFF	155
2087	#FFFFFF	155
2088	#FFFFFF	155
2089	#FFFFFF	143
2090	#FFFFFF	143
2091	#FFFFFF	143
2092	#FFFFFF	155
2093	#FFFFFF	155
2094	#FFFFFF	155
2095	#FFFFFF	889
2096	#FFFFFF	155
2097	#FFFFFF	143
2098	#FFFFFF	143
2099	#FFFFFF	143
2100	#FFFFFF	155
2101	#FFFFFF	155
2102	#FFFFFF	155
2103	#FFFFFF	155
2104	#FFFFFF	155
2105	#FFFFFF	155
2106	#FFFFFF	143
2107	#FFFFFF	155
2108	#FFFFFF	155
2109	#FFFFFF	155
2110	#FFFFFF	155
2111	#FFFFFF	155
2112	#FFFFFF	155
2113	#FFFFFF	155
2114	#FFFFFF	155
2115	#FFFFFF	155
2117	#FFFFFF	143
2118	#FFFFFF	143
2119	#FFFFFF	143
2120	#FFFFFF	143
2121	#FFFFFF	155
2122	#FFFFFF	143
2123	#FFFFFF	889
2124	#FFFFFF	889
2125	#FFFFFF	155
2126	#FFFFFF	155
2127	#FFFFFF	155
2128	#FFFFFF	155
2129	#FFFFFF	155
2130	#FFFFFF	155
2131	#FFFFFF	155
2132	#FFFFFF	155
2133	#FFFFFF	155
2134	#FFFFFF	155
2135	#FFFFFF	889
2136	#FFFFFF	155
2137	#FFFFFF	143
2138	#FFFFFF	143
2139	#FFFFFF	155
2140	#FFFFFF	143
2141	#FFFFFF	143
2142	#FFFFFF	143
2143	#FFFFFF	155
2144	#FFFFFF	155
2145	#FFFFFF	155
2146	#FFFFFF	889
2147	#FFFFFF	143
2148	#FFFFFF	143
2149	#FFFFFF	143
2150	#FFFFFF	155
2151	#FFFFFF	155
2152	#FFFFFF	155
2153	#FFFFFF	155
2154	#FFFFFF	155
2155	#FFFFFF	155
2156	#FFFFFF	155
2157	#FFFFFF	143
2158	#FFFFFF	155
2159	#FFFFFF	155
2160	#FFFFFF	155
2161	#FFFFFF	155
2162	#FFFFFF	155
2163	#FFFFFF	155
2164	#FFFFFF	155
2165	#FFFFFF	155
2166	#FFFFFF	155
2167	#FFFFFF	143
2168	#FFFFFF	143
2169	#FFFFFF	143
2170	#FFFFFF	143
2171	#FFFFFF	155
2173	#FFFFFF	889
2174	#FFFFFF	889
2175	#FFFFFF	155
2176	#FFFFFF	155
2177	#FFFFFF	155
2178	#FFFFFF	155
2179	#FFFFFF	155
2180	#FFFFFF	155
2181	#FFFFFF	155
2182	#FFFFFF	155
2183	#FFFFFF	155
2184	#FFFFFF	155
2185	#FFFFFF	889
2186	#FFFFFF	155
2187	#FFFFFF	155
2188	#FFFFFF	143
2189	#FFFFFF	143
2190	#FFFFFF	155
2191	#FFFFFF	143
2192	#FFFFFF	143
2193	#FFFFFF	143
2194	#FFFFFF	155
2195	#FFFFFF	155
2196	#FFFFFF	143
2197	#FFFFFF	155
2198	#FFFFFF	155
2199	#FFFFFF	155
2200	#FFFFFF	155
2201	#FFFFFF	155
2202	#FFFFFF	155
2203	#FFFFFF	155
2204	#FFFFFF	155
2205	#FFFFFF	155
2206	#FFFFFF	155
2207	#FFFFFF	143
2208	#FFFFFF	155
2209	#FFFFFF	155
2210	#FFFFFF	155
2211	#FFFFFF	155
2212	#FFFFFF	155
2213	#FFFFFF	155
2214	#FFFFFF	155
2215	#FFFFFF	155
2216	#FFFFFF	155
2218	#FFFFFF	143
2219	#FFFFFF	155
2220	#FFFFFF	143
2221	#FFFFFF	143
2222	#FFFFFF	143
2223	#FFFFFF	889
2224	#FFFFFF	143
2225	#FFFFFF	889
2226	#FFFFFF	155
2227	#FFFFFF	155
2228	#FFFFFF	155
2229	#FFFFFF	155
2230	#FFFFFF	155
2231	#FFFFFF	155
2232	#FFFFFF	155
2233	#FFFFFF	155
2234	#FFFFFF	155
2235	#FFFFFF	155
2236	#FFFFFF	889
2237	#FFFFFF	155
2238	#FFFFFF	143
2239	#FFFFFF	143
2240	#FFFFFF	143
2241	#FFFFFF	143
2242	#FFFFFF	143
2243	#FFFFFF	143
2244	#FFFFFF	155
2245	#FFFFFF	155
2246	#FFFFFF	155
2247	#FFFFFF	143
2248	#FFFFFF	155
2249	#FFFFFF	155
2250	#FFFFFF	155
2251	#FFFFFF	155
2252	#FFFFFF	155
2253	#FFFFFF	155
2254	#FFFFFF	155
2255	#FFFFFF	155
2256	#FFFFFF	155
2257	#FFFFFF	155
2258	#FFFFFF	155
2259	#FFFFFF	155
2260	#FFFFFF	155
2261	#FFFFFF	155
2262	#FFFFFF	155
2263	#FFFFFF	155
2264	#FFFFFF	155
2265	#FFFFFF	155
2266	#FFFFFF	155
2267	#FFFFFF	155
2268	#FFFFFF	155
2269	#FFFFFF	155
2270	#FFFFFF	143
2271	#FFFFFF	143
2272	#FFFFFF	143
2274	#FFFFFF	51
2275	#FFFFFF	143
2276	#FFFFFF	51
2277	#FFFFFF	51
2278	#FFFFFF	51
2279	#FFFFFF	51
2280	#FFFFFF	51
2281	#FFFFFF	51
2282	#FFFFFF	51
2283	#FFFFFF	51
2284	#FFFFFF	51
2285	#FFFFFF	51
2286	#FFFFFF	51
2287	#FFFFFF	51
2288	#FFFFFF	51
2289	#FFFFFF	51
2290	#FFFFFF	51
2291	#FFFFFF	51
2292	#FFFFFF	51
2293	#FFFFFF	143
2294	#FFFFFF	51
2295	#FFFFFF	143
2296	#FFFFFF	51
2297	#FFFFFF	143
2298	#FFFFFF	143
2299	#FFFFFF	143
2300	#FFFFFF	143
2301	#FFFFFF	143
2302	#FFFFFF	143
2303	#FFFFFF	143
2304	#FFFFFF	155
2305	#FFFFFF	51
2306	#FFFFFF	155
2307	#FFFFFF	155
2308	#FFFFFF	51
2309	#FFFFFF	155
2310	#FFFFFF	155
2311	#FFFFFF	155
2312	#FFFFFF	155
2313	#FFFFFF	155
2314	#FFFFFF	155
2315	#FFFFFF	155
2316	#FFFFFF	155
2317	#FFFFFF	155
2319	#FFFFFF	51
2320	#FFFFFF	51
2321	#FFFFFF	143
2322	#FFFFFF	143
2323	#FFFFFF	143
2324	#FFFFFF	51
2325	#FFFFFF	51
2326	#FFFFFF	143
2327	#FFFFFF	51
2328	#FFFFFF	51
2329	#FFFFFF	51
2330	#FFFFFF	51
2331	#FFFFFF	51
2332	#FFFFFF	51
2333	#FFFFFF	51
2334	#FFFFFF	51
2335	#FFFFFF	51
2336	#FFFFFF	51
2337	#FFFFFF	143
2338	#FFFFFF	51
2339	#FFFFFF	51
2340	#FFFFFF	51
2341	#FFFFFF	51
2342	#FFFFFF	143
2343	#FFFFFF	143
2344	#FFFFFF	51
2345	#FFFFFF	143
2346	#FFFFFF	143
2347	#FFFFFF	143
2348	#FFFFFF	143
2349	#FFFFFF	143
2350	#FFFFFF	143
2351	#FFFFFF	143
2352	#FFFFFF	143
2353	#FFFFFF	143
2354	#FFFFFF	143
2355	#FFFFFF	155
2356	#FFFFFF	155
2357	#FFFFFF	155
2358	#FFFFFF	155
2359	#FFFFFF	143
2360	#FFFFFF	155
2361	#FFFFFF	155
2362	#FFFFFF	155
2363	#FFFFFF	155
2364	#FFFFFF	155
2365	#FFFFFF	155
2366	#FFFFFF	155
2367	#FFFFFF	155
2368	#FFFFFF	577
2369	#FFFFFF	51
2370	#FFFFFF	51
2371	#FFFFFF	143
2372	#FFFFFF	51
2373	#FFFFFF	51
2375	#FFFFFF	143
2376	#FFFFFF	889
2377	#FFFFFF	143
2378	#FFFFFF	155
2379	#FFFFFF	155
2380	#FFFFFF	155
2381	#FFFFFF	155
2382	#FFFFFF	155
2383	#FFFFFF	155
2384	#FFFFFF	155
2385	#FFFFFF	155
2386	#FFFFFF	155
2387	#FFFFFF	889
2388	#FFFFFF	143
2389	#FFFFFF	143
2390	#FFFFFF	143
2391	#FFFFFF	143
2392	#FFFFFF	143
2393	#FFFFFF	143
2394	#FFFFFF	143
2395	#FFFFFF	155
2396	#FFFFFF	155
2397	#FFFFFF	155
2398	#FFFFFF	143
2399	#FFFFFF	155
2400	#FFFFFF	155
2401	#FFFFFF	155
2402	#FFFFFF	155
2403	#FFFFFF	155
2404	#FFFFFF	155
2405	#FFFFFF	155
2406	#FFFFFF	155
2407	#FFFFFF	155
2408	#FFFFFF	155
2409	#FFFFFF	143
2410	#FFFFFF	155
2411	#FFFFFF	155
2412	#FFFFFF	155
2413	#FFFFFF	155
2414	#FFFFFF	155
2415	#FFFFFF	155
2416	#FFFFFF	155
2417	#FFFFFF	155
2418	#FFFFFF	303
2420	#FFFFFF	155
2421	#FFFFFF	155
2422	#FFFFFF	155
2423	#FFFFFF	155
2424	#FFFFFF	155
2425	#FFFFFF	143
2426	#FFFFFF	889
2427	#FFFFFF	889
2428	#FFFFFF	155
2429	#FFFFFF	155
2430	#FFFFFF	155
2431	#FFFFFF	155
2432	#FFFFFF	155
2433	#FFFFFF	155
2434	#FFFFFF	155
2435	#FFFFFF	155
2436	#FFFFFF	155
2437	#FFFFFF	143
2438	#FFFFFF	889
2439	#FFFFFF	143
2440	#FFFFFF	143
2441	#FFFFFF	143
2442	#FFFFFF	143
2443	#FFFFFF	143
2444	#FFFFFF	155
2445	#FFFFFF	155
2446	#FFFFFF	155
2447	#FFFFFF	155
2448	#FFFFFF	155
2449	#FFFFFF	143
2450	#FFFFFF	155
2451	#FFFFFF	155
2452	#FFFFFF	155
2453	#FFFFFF	155
2454	#FFFFFF	155
2455	#FFFFFF	155
2456	#FFFFFF	155
2457	#FFFFFF	155
2458	#FFFFFF	155
2459	#FFFFFF	155
2460	#FFFFFF	143
2461	#FFFFFF	155
2462	#FFFFFF	155
2463	#FFFFFF	155
2464	#FFFFFF	155
2465	#FFFFFF	155
2466	#FFFFFF	155
2467	#FFFFFF	155
2468	#FFFFFF	155
2469	#FFFFFF	303
2470	#FFFFFF	155
2471	#FFFFFF	155
2472	#FFFFFF	155
2473	#FFFFFF	155
2474	#FFFFFF	155
2476	#FFFFFF	143
2477	#FFFFFF	889
2478	#FFFFFF	155
2479	#FFFFFF	155
2480	#FFFFFF	155
2481	#FFFFFF	155
2482	#FFFFFF	155
2483	#FFFFFF	155
2484	#FFFFFF	155
2485	#FFFFFF	155
2486	#FFFFFF	155
2487	#FFFFFF	143
2488	#FFFFFF	889
2489	#FFFFFF	155
2490	#FFFFFF	143
2491	#FFFFFF	143
2492	#FFFFFF	143
2493	#FFFFFF	143
2494	#FFFFFF	143
2495	#FFFFFF	155
2496	#FFFFFF	155
2497	#FFFFFF	155
2498	#FFFFFF	155
2499	#FFFFFF	143
2500	#FFFFFF	155
2501	#FFFFFF	155
2502	#FFFFFF	155
2503	#FFFFFF	155
2504	#FFFFFF	155
2505	#FFFFFF	155
2506	#FFFFFF	155
2507	#FFFFFF	155
2508	#FFFFFF	155
2509	#FFFFFF	155
2510	#FFFFFF	143
2511	#FFFFFF	155
2512	#FFFFFF	155
2513	#FFFFFF	155
2514	#FFFFFF	155
2515	#FFFFFF	155
2516	#FFFFFF	155
2517	#FFFFFF	155
2518	#FFFFFF	155
2519	#FFFFFF	303
2521	#FFFFFF	155
2522	#FFFFFF	155
2523	#FFFFFF	155
2524	#FFFFFF	155
2525	#FFFFFF	155
2526	#FFFFFF	143
2527	#FFFFFF	889
2528	#FFFFFF	889
2529	#FFFFFF	155
2530	#FFFFFF	155
2531	#FFFFFF	155
2532	#FFFFFF	155
2533	#FFFFFF	155
2534	#FFFFFF	155
2535	#FFFFFF	155
2536	#FFFFFF	155
2537	#FFFFFF	143
2538	#FFFFFF	155
2539	#FFFFFF	889
2540	#FFFFFF	143
2541	#FFFFFF	143
2542	#FFFFFF	143
2543	#FFFFFF	143
2544	#FFFFFF	143
2545	#FFFFFF	155
2546	#FFFFFF	155
2547	#FFFFFF	143
2548	#FFFFFF	155
2549	#FFFFFF	155
2550	#FFFFFF	143
2551	#FFFFFF	155
2552	#FFFFFF	155
2553	#FFFFFF	155
2554	#FFFFFF	155
2555	#FFFFFF	155
2556	#FFFFFF	155
2557	#FFFFFF	155
2558	#FFFFFF	155
2559	#FFFFFF	155
2560	#FFFFFF	155
2561	#FFFFFF	155
2562	#FFFFFF	155
2563	#FFFFFF	155
2564	#FFFFFF	155
2565	#FFFFFF	155
2566	#FFFFFF	303
2567	#FFFFFF	155
2568	#FFFFFF	155
2569	#FFFFFF	303
2570	#FFFFFF	303
2571	#FFFFFF	155
2572	#FFFFFF	155
2573	#FFFFFF	155
2574	#FFFFFF	155
2575	#FFFFFF	155
2577	#FFFFFF	889
2578	#FFFFFF	889
2579	#FFFFFF	155
2580	#FFFFFF	155
2581	#FFFFFF	155
2582	#FFFFFF	155
2583	#FFFFFF	143
2584	#FFFFFF	155
2585	#FFFFFF	155
2586	#FFFFFF	155
2587	#FFFFFF	155
2588	#FFFFFF	143
2589	#FFFFFF	889
2590	#FFFFFF	155
2591	#FFFFFF	155
2592	#FFFFFF	143
2593	#FFFFFF	143
2594	#FFFFFF	143
2595	#FFFFFF	143
2596	#FFFFFF	143
2597	#FFFFFF	143
2598	#FFFFFF	143
2599	#FFFFFF	155
2600	#FFFFFF	889
2601	#FFFFFF	155
2602	#FFFFFF	155
2603	#FFFFFF	155
2604	#FFFFFF	155
2605	#FFFFFF	155
2606	#FFFFFF	155
2607	#FFFFFF	155
2608	#FFFFFF	155
2609	#FFFFFF	155
2610	#FFFFFF	155
2611	#FFFFFF	143
2612	#FFFFFF	155
2613	#FFFFFF	155
2614	#FFFFFF	155
2615	#FFFFFF	155
2616	#FFFFFF	155
2617	#FFFFFF	303
2618	#FFFFFF	155
2619	#FFFFFF	155
2620	#FFFFFF	155
2622	#FFFFFF	143
2623	#FFFFFF	155
2624	#FFFFFF	155
2625	#FFFFFF	155
2626	#FFFFFF	155
2627	#FFFFFF	889
2628	#FFFFFF	889
2629	#FFFFFF	889
2630	#FFFFFF	155
2631	#FFFFFF	155
2632	#FFFFFF	155
2633	#FFFFFF	143
2634	#FFFFFF	155
2635	#FFFFFF	155
2636	#FFFFFF	155
2637	#FFFFFF	155
2638	#FFFFFF	155
2639	#FFFFFF	155
2640	#FFFFFF	889
2641	#FFFFFF	155
2642	#FFFFFF	143
2643	#FFFFFF	143
2644	#FFFFFF	143
2645	#FFFFFF	143
2646	#FFFFFF	143
2647	#FFFFFF	143
2648	#FFFFFF	143
2649	#FFFFFF	143
2650	#FFFFFF	155
2651	#FFFFFF	889
2652	#FFFFFF	155
2653	#FFFFFF	155
2654	#FFFFFF	155
2655	#FFFFFF	155
2656	#FFFFFF	155
2657	#FFFFFF	155
2658	#FFFFFF	155
2659	#FFFFFF	155
2660	#FFFFFF	155
2661	#FFFFFF	155
2662	#FFFFFF	143
2663	#FFFFFF	155
2664	#FFFFFF	155
2665	#FFFFFF	303
2666	#FFFFFF	155
2667	#FFFFFF	303
2668	#FFFFFF	303
2669	#FFFFFF	155
2670	#FFFFFF	155
2671	#FFFFFF	155
2672	#FFFFFF	143
2673	#FFFFFF	143
2674	#FFFFFF	155
2675	#FFFFFF	155
2676	#FFFFFF	155
2678	#FFFFFF	889
2679	#FFFFFF	889
2680	#FFFFFF	155
2681	#FFFFFF	155
2682	#FFFFFF	143
2683	#FFFFFF	143
2684	#FFFFFF	155
2685	#FFFFFF	155
2686	#FFFFFF	143
2687	#FFFFFF	155
2688	#FFFFFF	155
2689	#FFFFFF	155
2690	#FFFFFF	889
2691	#FFFFFF	155
2692	#FFFFFF	143
2693	#FFFFFF	143
2694	#FFFFFF	143
2695	#FFFFFF	143
2696	#FFFFFF	143
2697	#FFFFFF	143
2698	#FFFFFF	143
2699	#FFFFFF	143
2700	#FFFFFF	155
2701	#FFFFFF	889
2702	#FFFFFF	155
2703	#FFFFFF	155
2704	#FFFFFF	155
2705	#FFFFFF	155
2706	#FFFFFF	155
2707	#FFFFFF	155
2708	#FFFFFF	155
2709	#FFFFFF	155
2710	#FFFFFF	155
2711	#FFFFFF	155
2712	#FFFFFF	889
2713	#FFFFFF	155
2714	#FFFFFF	155
2715	#FFFFFF	155
2716	#FFFFFF	303
2717	#FFFFFF	155
2718	#FFFFFF	303
2719	#FFFFFF	303
2720	#FFFFFF	303
2721	#FFFFFF	155
2723	#FFFFFF	143
2724	#FFFFFF	143
2725	#FFFFFF	143
2726	#FFFFFF	155
2727	#FFFFFF	155
2728	#FFFFFF	143
2729	#FFFFFF	889
2730	#FFFFFF	889
2731	#FFFFFF	155
2732	#FFFFFF	143
2733	#FFFFFF	143
2734	#FFFFFF	155
2735	#FFFFFF	155
2736	#FFFFFF	143
2737	#FFFFFF	143
2738	#FFFFFF	155
2739	#FFFFFF	155
2740	#FFFFFF	143
2741	#FFFFFF	889
2742	#FFFFFF	143
2743	#FFFFFF	143
2744	#FFFFFF	143
2745	#FFFFFF	143
2746	#FFFFFF	143
2747	#FFFFFF	143
2748	#FFFFFF	143
2749	#FFFFFF	143
2750	#FFFFFF	143
2751	#FFFFFF	155
2752	#FFFFFF	889
2753	#FFFFFF	155
2754	#FFFFFF	155
2755	#FFFFFF	155
2756	#FFFFFF	155
2757	#FFFFFF	155
2758	#FFFFFF	155
2759	#FFFFFF	155
2760	#FFFFFF	155
2761	#FFFFFF	155
2762	#FFFFFF	155
2763	#FFFFFF	889
2764	#FFFFFF	155
2765	#FFFFFF	155
2766	#FFFFFF	303
2767	#FFFFFF	155
2768	#FFFFFF	155
2769	#FFFFFF	303
2770	#FFFFFF	303
2771	#FFFFFF	303
2772	#FFFFFF	155
2773	#FFFFFF	143
2774	#FFFFFF	143
2775	#FFFFFF	143
2776	#FFFFFF	155
2777	#FFFFFF	155
2779	#FFFFFF	889
2780	#FFFFFF	889
2781	#FFFFFF	155
2782	#FFFFFF	155
2783	#FFFFFF	155
2784	#FFFFFF	143
2785	#FFFFFF	155
2786	#FFFFFF	143
2787	#FFFFFF	143
2788	#FFFFFF	155
2789	#FFFFFF	155
2790	#FFFFFF	143
2791	#FFFFFF	889
2792	#FFFFFF	143
2793	#FFFFFF	143
2794	#FFFFFF	143
2795	#FFFFFF	143
2796	#FFFFFF	143
2797	#FFFFFF	143
2798	#FFFFFF	143
2799	#FFFFFF	143
2800	#FFFFFF	143
2801	#FFFFFF	143
2802	#FFFFFF	889
2803	#FFFFFF	155
2804	#FFFFFF	155
2805	#FFFFFF	155
2806	#FFFFFF	155
2807	#FFFFFF	155
2808	#FFFFFF	155
2809	#FFFFFF	155
2810	#FFFFFF	155
2811	#FFFFFF	155
2812	#FFFFFF	155
2813	#FFFFFF	889
2814	#FFFFFF	155
2815	#FFFFFF	155
2816	#FFFFFF	303
2817	#FFFFFF	303
2818	#FFFFFF	303
2819	#FFFFFF	303
2820	#FFFFFF	303
2821	#FFFFFF	303
2822	#FFFFFF	303
2824	#FFFFFF	889
2825	#FFFFFF	143
2826	#FFFFFF	143
2827	#FFFFFF	143
2828	#FFFFFF	155
2829	#FFFFFF	143
2830	#FFFFFF	889
2831	#FFFFFF	889
2832	#FFFFFF	155
2833	#FFFFFF	155
2834	#FFFFFF	143
2835	#FFFFFF	155
2836	#FFFFFF	143
2837	#FFFFFF	143
2838	#FFFFFF	143
2839	#FFFFFF	155
2840	#FFFFFF	155
2841	#FFFFFF	143
2842	#FFFFFF	143
2843	#FFFFFF	143
2844	#FFFFFF	143
2845	#FFFFFF	143
2846	#FFFFFF	143
2847	#FFFFFF	143
2848	#FFFFFF	143
2849	#FFFFFF	143
2850	#FFFFFF	143
2851	#FFFFFF	143
2852	#FFFFFF	155
2853	#FFFFFF	143
2854	#FFFFFF	143
2855	#FFFFFF	155
2856	#FFFFFF	155
2857	#FFFFFF	155
2858	#FFFFFF	155
2859	#FFFFFF	155
2860	#FFFFFF	155
2861	#FFFFFF	155
2862	#FFFFFF	155
2863	#FFFFFF	155
2864	#FFFFFF	143
2865	#FFFFFF	155
2866	#FFFFFF	155
2867	#FFFFFF	303
2868	#FFFFFF	303
2869	#FFFFFF	303
2870	#FFFFFF	303
2871	#FFFFFF	303
2872	#FFFFFF	303
2873	#FFFFFF	303
2874	#FFFFFF	889
2875	#FFFFFF	143
2876	#FFFFFF	143
2877	#FFFFFF	143
2878	#FFFFFF	155
2880	#FFFFFF	889
2881	#FFFFFF	143
2882	#FFFFFF	155
2883	#FFFFFF	155
2884	#FFFFFF	143
2885	#FFFFFF	155
2886	#FFFFFF	143
2887	#FFFFFF	143
2888	#FFFFFF	143
2889	#FFFFFF	155
2890	#FFFFFF	143
2891	#FFFFFF	155
2892	#FFFFFF	143
2893	#FFFFFF	143
2894	#FFFFFF	143
2895	#FFFFFF	143
2896	#FFFFFF	143
2897	#FFFFFF	143
2898	#FFFFFF	143
2899	#FFFFFF	143
2900	#FFFFFF	143
2901	#FFFFFF	143
2902	#FFFFFF	155
2903	#FFFFFF	143
2904	#FFFFFF	143
2905	#FFFFFF	143
2906	#FFFFFF	155
2907	#FFFFFF	155
2908	#FFFFFF	155
2909	#FFFFFF	155
2910	#FFFFFF	155
2911	#FFFFFF	155
2912	#FFFFFF	155
2913	#FFFFFF	155
2914	#FFFFFF	143
2915	#FFFFFF	155
2916	#FFFFFF	155
2917	#FFFFFF	155
2918	#FFFFFF	155
2919	#FFFFFF	303
2920	#FFFFFF	303
2921	#FFFFFF	303
2922	#FFFFFF	303
2923	#FFFFFF	303
2925	#FFFFFF	889
2926	#FFFFFF	889
2927	#FFFFFF	143
2928	#FFFFFF	143
2929	#FFFFFF	143
2930	#FFFFFF	889
2931	#FFFFFF	143
2932	#FFFFFF	143
2933	#FFFFFF	143
2934	#FFFFFF	155
2935	#FFFFFF	143
2936	#FFFFFF	143
2937	#FFFFFF	143
2938	#FFFFFF	143
2939	#FFFFFF	143
2940	#FFFFFF	143
2941	#FFFFFF	143
2942	#FFFFFF	143
2943	#FFFFFF	143
2944	#FFFFFF	143
2945	#FFFFFF	143
2946	#FFFFFF	143
2947	#FFFFFF	143
2948	#FFFFFF	143
2949	#FFFFFF	143
2950	#FFFFFF	143
2951	#FFFFFF	143
2952	#FFFFFF	143
2953	#FFFFFF	143
2954	#FFFFFF	143
2955	#FFFFFF	155
2956	#FFFFFF	155
2957	#FFFFFF	155
2958	#FFFFFF	155
2959	#FFFFFF	155
2960	#FFFFFF	155
2961	#FFFFFF	155
2962	#FFFFFF	155
2963	#FFFFFF	155
2964	#FFFFFF	155
2965	#FFFFFF	143
2966	#FFFFFF	155
2967	#FFFFFF	155
2968	#FFFFFF	155
2969	#FFFFFF	155
2970	#FFFFFF	303
2971	#FFFFFF	303
2972	#FFFFFF	303
2973	#FFFFFF	303
2974	#FFFFFF	155
2975	#FFFFFF	889
2976	#FFFFFF	143
2977	#FFFFFF	143
2978	#FFFFFF	143
2979	#FFFFFF	143
2981	#FFFFFF	143
2982	#FFFFFF	143
2983	#FFFFFF	143
2984	#FFFFFF	155
2985	#FFFFFF	155
2986	#FFFFFF	143
2987	#FFFFFF	143
2988	#FFFFFF	143
2989	#FFFFFF	143
2990	#FFFFFF	143
2991	#FFFFFF	143
2992	#FFFFFF	143
2993	#FFFFFF	143
2994	#FFFFFF	143
2995	#FFFFFF	143
2996	#FFFFFF	143
2997	#FFFFFF	143
2998	#FFFFFF	143
2999	#FFFFFF	143
3000	#FFFFFF	143
3001	#FFFFFF	143
3002	#FFFFFF	143
3003	#FFFFFF	143
3004	#FFFFFF	143
3005	#FFFFFF	143
3006	#FFFFFF	155
3007	#FFFFFF	155
3008	#FFFFFF	155
3009	#FFFFFF	155
3010	#FFFFFF	155
3011	#FFFFFF	155
3012	#FFFFFF	155
3013	#FFFFFF	155
3014	#FFFFFF	155
3015	#FFFFFF	143
3016	#FFFFFF	155
3017	#FFFFFF	155
3018	#FFFFFF	155
3019	#FFFFFF	155
3020	#FFFFFF	155
3021	#FFFFFF	303
3022	#FFFFFF	303
3023	#FFFFFF	303
3024	#FFFFFF	303
3026	#FFFFFF	143
3027	#FFFFFF	889
3028	#FFFFFF	143
3029	#FFFFFF	143
3030	#FFFFFF	143
3031	#FFFFFF	889
3032	#FFFFFF	143
3033	#FFFFFF	143
3034	#FFFFFF	155
3035	#FFFFFF	143
3036	#FFFFFF	143
3037	#FFFFFF	143
3038	#FFFFFF	143
3039	#FFFFFF	143
3040	#FFFFFF	143
3041	#FFFFFF	143
3042	#FFFFFF	143
3043	#FFFFFF	143
3044	#FFFFFF	143
3045	#FFFFFF	143
3046	#FFFFFF	143
3047	#FFFFFF	155
3048	#FFFFFF	143
3049	#FFFFFF	143
3050	#FFFFFF	143
3051	#FFFFFF	143
3052	#FFFFFF	143
3053	#FFFFFF	143
3054	#FFFFFF	143
3055	#FFFFFF	143
3056	#FFFFFF	155
3057	#FFFFFF	143
3058	#FFFFFF	155
3059	#FFFFFF	155
3060	#FFFFFF	155
3061	#FFFFFF	155
3062	#FFFFFF	155
3063	#FFFFFF	155
3064	#FFFFFF	155
3065	#FFFFFF	155
3066	#FFFFFF	143
3067	#FFFFFF	155
3068	#FFFFFF	155
3069	#FFFFFF	155
3070	#FFFFFF	155
3071	#FFFFFF	155
3072	#FFFFFF	303
3073	#FFFFFF	303
3074	#FFFFFF	303
3075	#FFFFFF	155
3076	#FFFFFF	889
3077	#FFFFFF	143
3078	#FFFFFF	143
3079	#FFFFFF	143
3080	#FFFFFF	155
3082	#FFFFFF	143
3083	#FFFFFF	143
3084	#FFFFFF	155
3085	#FFFFFF	143
3086	#FFFFFF	143
3087	#FFFFFF	143
3088	#FFFFFF	143
3089	#FFFFFF	143
3090	#FFFFFF	143
3091	#FFFFFF	143
3092	#FFFFFF	143
3093	#FFFFFF	143
3094	#FFFFFF	143
3095	#FFFFFF	143
3096	#FFFFFF	143
3097	#FFFFFF	143
3098	#FFFFFF	155
3099	#FFFFFF	143
3100	#FFFFFF	143
3101	#FFFFFF	143
3102	#FFFFFF	143
3103	#FFFFFF	143
3104	#FFFFFF	143
3105	#FFFFFF	143
3106	#FFFFFF	143
3107	#FFFFFF	143
3108	#FFFFFF	155
3109	#FFFFFF	155
3110	#FFFFFF	155
3111	#FFFFFF	155
3112	#FFFFFF	155
3113	#FFFFFF	155
3114	#FFFFFF	155
3115	#FFFFFF	155
3116	#FFFFFF	143
3117	#FFFFFF	155
3118	#FFFFFF	155
3119	#FFFFFF	155
3120	#FFFFFF	155
3121	#FFFFFF	155
3122	#FFFFFF	303
3123	#FFFFFF	303
3124	#FFFFFF	303
3125	#FFFFFF	303
3127	#FFFFFF	143
3128	#FFFFFF	889
3129	#FFFFFF	889
3130	#FFFFFF	143
3131	#FFFFFF	143
3132	#FFFFFF	143
3133	#FFFFFF	143
3134	#FFFFFF	143
3135	#FFFFFF	143
3136	#FFFFFF	143
3137	#FFFFFF	143
3138	#FFFFFF	143
3139	#FFFFFF	143
3140	#FFFFFF	143
3141	#FFFFFF	143
3142	#FFFFFF	143
3143	#FFFFFF	143
3144	#FFFFFF	143
3145	#FFFFFF	143
3146	#FFFFFF	143
3147	#FFFFFF	143
3148	#FFFFFF	155
3149	#FFFFFF	155
3150	#FFFFFF	143
3151	#FFFFFF	143
3152	#FFFFFF	143
3153	#FFFFFF	143
3154	#FFFFFF	143
3155	#FFFFFF	143
3156	#FFFFFF	143
3157	#FFFFFF	143
3158	#FFFFFF	155
3159	#FFFFFF	155
3160	#FFFFFF	155
3161	#FFFFFF	155
3162	#FFFFFF	155
3163	#FFFFFF	155
3164	#FFFFFF	303
3165	#FFFFFF	155
3166	#FFFFFF	155
3167	#FFFFFF	143
3168	#FFFFFF	155
3169	#FFFFFF	155
3170	#FFFFFF	155
3171	#FFFFFF	155
3172	#FFFFFF	303
3173	#FFFFFF	303
3174	#FFFFFF	303
3175	#FFFFFF	303
3176	#FFFFFF	155
3177	#FFFFFF	889
3178	#FFFFFF	889
3179	#FFFFFF	143
3180	#FFFFFF	143
3181	#FFFFFF	155
3183	#FFFFFF	143
3184	#FFFFFF	143
3185	#FFFFFF	143
3186	#FFFFFF	143
3187	#FFFFFF	143
3188	#FFFFFF	143
3189	#FFFFFF	143
3190	#FFFFFF	143
3191	#FFFFFF	143
3192	#FFFFFF	143
3193	#FFFFFF	143
3194	#FFFFFF	143
3195	#FFFFFF	143
3196	#FFFFFF	143
3197	#FFFFFF	143
3198	#FFFFFF	155
3199	#FFFFFF	155
3200	#FFFFFF	155
3201	#FFFFFF	143
3202	#FFFFFF	143
3203	#FFFFFF	143
3204	#FFFFFF	143
3205	#FFFFFF	143
3206	#FFFFFF	143
3207	#FFFFFF	143
3208	#FFFFFF	155
3209	#FFFFFF	155
3210	#FFFFFF	155
3211	#FFFFFF	155
3212	#FFFFFF	155
3213	#FFFFFF	155
3214	#FFFFFF	155
3215	#FFFFFF	303
3216	#FFFFFF	155
3217	#FFFFFF	143
3218	#FFFFFF	155
3219	#FFFFFF	155
3220	#FFFFFF	155
3221	#FFFFFF	155
3222	#FFFFFF	303
3223	#FFFFFF	303
3224	#FFFFFF	303
3225	#FFFFFF	155
3226	#FFFFFF	303
3228	#FFFFFF	143
3229	#FFFFFF	889
3230	#FFFFFF	889
3231	#FFFFFF	143
3232	#FFFFFF	155
3233	#FFFFFF	143
3234	#FFFFFF	143
3235	#FFFFFF	889
3236	#FFFFFF	143
3237	#FFFFFF	143
3238	#FFFFFF	143
3239	#FFFFFF	143
3240	#FFFFFF	143
3241	#FFFFFF	143
3242	#FFFFFF	143
3243	#FFFFFF	143
3244	#FFFFFF	143
3245	#FFFFFF	143
3246	#FFFFFF	143
3247	#FFFFFF	143
3248	#FFFFFF	143
3249	#FFFFFF	155
3250	#FFFFFF	155
3251	#FFFFFF	155
3252	#FFFFFF	143
3253	#FFFFFF	143
3254	#FFFFFF	143
3255	#FFFFFF	143
3256	#FFFFFF	143
3257	#FFFFFF	143
3258	#FFFFFF	143
3259	#FFFFFF	155
3260	#FFFFFF	155
3261	#FFFFFF	155
3262	#FFFFFF	155
3263	#FFFFFF	155
3264	#FFFFFF	155
3265	#FFFFFF	303
3266	#FFFFFF	155
3267	#FFFFFF	155
3268	#FFFFFF	143
3269	#FFFFFF	303
3270	#FFFFFF	155
3271	#FFFFFF	155
3272	#FFFFFF	155
3273	#FFFFFF	303
3274	#FFFFFF	155
3275	#FFFFFF	155
3276	#FFFFFF	303
3277	#FFFFFF	303
3278	#FFFFFF	143
3279	#FFFFFF	143
3280	#FFFFFF	143
3281	#FFFFFF	143
3282	#FFFFFF	143
3284	#FFFFFF	889
3285	#FFFFFF	143
3286	#FFFFFF	143
3287	#FFFFFF	143
3288	#FFFFFF	143
3289	#FFFFFF	143
3290	#FFFFFF	143
3291	#FFFFFF	143
3292	#FFFFFF	143
3293	#FFFFFF	143
3294	#FFFFFF	143
3295	#FFFFFF	143
3296	#FFFFFF	889
3297	#FFFFFF	143
3298	#FFFFFF	155
3299	#FFFFFF	143
3300	#FFFFFF	155
3301	#FFFFFF	143
3302	#FFFFFF	143
3303	#FFFFFF	143
3304	#FFFFFF	155
3305	#FFFFFF	143
3306	#FFFFFF	143
3307	#FFFFFF	143
3308	#FFFFFF	143
3309	#FFFFFF	155
3310	#FFFFFF	155
3311	#FFFFFF	155
3312	#FFFFFF	155
3313	#FFFFFF	155
3314	#FFFFFF	303
3315	#FFFFFF	303
3316	#FFFFFF	303
3317	#FFFFFF	155
3318	#FFFFFF	143
3319	#FFFFFF	303
3320	#FFFFFF	155
3321	#FFFFFF	155
3322	#FFFFFF	155
3323	#FFFFFF	155
3324	#FFFFFF	303
3325	#FFFFFF	155
3326	#FFFFFF	303
3327	#FFFFFF	303
3329	#FFFFFF	143
3330	#FFFFFF	143
3331	#FFFFFF	143
3332	#FFFFFF	143
3333	#FFFFFF	143
3334	#FFFFFF	889
3335	#FFFFFF	889
3336	#FFFFFF	889
3337	#FFFFFF	143
3338	#FFFFFF	143
3339	#FFFFFF	143
3340	#FFFFFF	143
3341	#FFFFFF	143
3342	#FFFFFF	143
3343	#FFFFFF	143
3344	#FFFFFF	143
3345	#FFFFFF	143
3346	#FFFFFF	143
3347	#FFFFFF	889
3348	#FFFFFF	155
3349	#FFFFFF	155
3350	#FFFFFF	155
3351	#FFFFFF	155
3352	#FFFFFF	143
3353	#FFFFFF	155
3354	#FFFFFF	143
3355	#FFFFFF	155
3356	#FFFFFF	155
3357	#FFFFFF	155
3358	#FFFFFF	889
3359	#FFFFFF	155
3360	#FFFFFF	155
3361	#FFFFFF	155
3362	#FFFFFF	155
3363	#FFFFFF	303
3364	#FFFFFF	303
3365	#FFFFFF	303
3366	#FFFFFF	303
3367	#FFFFFF	303
3368	#FFFFFF	303
3369	#FFFFFF	143
3370	#FFFFFF	155
3371	#FFFFFF	155
3372	#FFFFFF	155
3373	#FFFFFF	155
3374	#FFFFFF	155
3375	#FFFFFF	155
3376	#FFFFFF	155
3377	#FFFFFF	303
3378	#FFFFFF	155
3379	#FFFFFF	143
3380	#FFFFFF	143
3381	#FFFFFF	143
3382	#FFFFFF	143
3383	#FFFFFF	143
3385	#FFFFFF	51
3386	#FFFFFF	51
3387	#FFFFFF	51
3388	#FFFFFF	51
3389	#FFFFFF	51
3390	#FFFFFF	51
3391	#FFFFFF	51
3392	#FFFFFF	51
3393	#FFFFFF	51
3394	#FFFFFF	51
3395	#FFFFFF	51
3396	#FFFFFF	51
3397	#FFFFFF	143
3398	#FFFFFF	51
3399	#FFFFFF	51
3400	#FFFFFF	51
3401	#FFFFFF	51
3402	#FFFFFF	143
3403	#FFFFFF	143
3404	#FFFFFF	143
3405	#FFFFFF	143
3406	#FFFFFF	143
3407	#FFFFFF	143
3408	#FFFFFF	143
3409	#FFFFFF	143
3410	#FFFFFF	143
3411	#FFFFFF	143
3412	#FFFFFF	143
3413	#FFFFFF	143
3414	#FFFFFF	143
3415	#FFFFFF	143
3416	#FFFFFF	155
3417	#FFFFFF	155
3418	#FFFFFF	155
3419	#FFFFFF	143
3420	#FFFFFF	155
3421	#FFFFFF	155
3422	#FFFFFF	155
3423	#FFFFFF	155
3424	#FFFFFF	155
3425	#FFFFFF	155
3426	#FFFFFF	577
3427	#FFFFFF	155
3428	#FFFFFF	577
3430	#FFFFFF	143
3431	#FFFFFF	143
3432	#FFFFFF	51
3433	#FFFFFF	143
3434	#FFFFFF	51
3435	#FFFFFF	51
3436	#FFFFFF	51
3437	#FFFFFF	143
3438	#FFFFFF	51
3439	#FFFFFF	51
3440	#FFFFFF	51
3441	#FFFFFF	51
3442	#FFFFFF	51
3443	#FFFFFF	51
3444	#FFFFFF	51
3445	#FFFFFF	51
3446	#FFFFFF	51
3447	#FFFFFF	51
3448	#FFFFFF	51
3449	#FFFFFF	51
3450	#FFFFFF	51
3451	#FFFFFF	51
3452	#FFFFFF	51
3453	#FFFFFF	143
3454	#FFFFFF	143
3455	#FFFFFF	143
3456	#FFFFFF	143
3457	#FFFFFF	143
3458	#FFFFFF	143
3459	#FFFFFF	51
3460	#FFFFFF	143
3461	#FFFFFF	143
3462	#FFFFFF	143
3463	#FFFFFF	143
3464	#FFFFFF	143
3465	#FFFFFF	143
3466	#FFFFFF	155
3467	#FFFFFF	155
3468	#FFFFFF	155
3469	#FFFFFF	155
3470	#FFFFFF	143
3471	#FFFFFF	155
3472	#FFFFFF	155
3473	#FFFFFF	155
3474	#FFFFFF	155
3475	#FFFFFF	577
3476	#FFFFFF	577
3477	#FFFFFF	155
3478	#FFFFFF	577
3479	#FFFFFF	577
3480	#FFFFFF	143
3481	#FFFFFF	143
3482	#FFFFFF	143
3483	#FFFFFF	143
3484	#FFFFFF	51
3486	#FFFFFF	889
3487	#FFFFFF	889
3488	#FFFFFF	143
3489	#FFFFFF	143
3490	#FFFFFF	143
3491	#FFFFFF	143
3492	#FFFFFF	143
3493	#FFFFFF	143
3494	#FFFFFF	143
3495	#FFFFFF	143
3496	#FFFFFF	143
3497	#FFFFFF	143
3498	#FFFFFF	889
3499	#FFFFFF	143
3500	#FFFFFF	143
3501	#FFFFFF	155
3502	#FFFFFF	155
3503	#FFFFFF	155
3504	#FFFFFF	155
3505	#FFFFFF	143
3506	#FFFFFF	155
3507	#FFFFFF	155
3508	#FFFFFF	155
3509	#FFFFFF	889
3510	#FFFFFF	155
3511	#FFFFFF	155
3512	#FFFFFF	155
3513	#FFFFFF	303
3514	#FFFFFF	303
3515	#FFFFFF	303
3516	#FFFFFF	303
3517	#FFFFFF	303
3518	#FFFFFF	303
3519	#FFFFFF	303
3520	#FFFFFF	143
3521	#FFFFFF	303
3522	#FFFFFF	155
3523	#FFFFFF	155
3524	#FFFFFF	155
3525	#FFFFFF	155
3526	#FFFFFF	155
3527	#FFFFFF	155
3528	#FFFFFF	155
3529	#FFFFFF	155
3531	#FFFFFF	143
3532	#FFFFFF	143
3533	#FFFFFF	143
3534	#FFFFFF	143
3535	#FFFFFF	143
3536	#FFFFFF	889
3537	#FFFFFF	889
3538	#FFFFFF	143
3539	#FFFFFF	143
3540	#FFFFFF	143
3541	#FFFFFF	143
3542	#FFFFFF	143
3543	#FFFFFF	143
3544	#FFFFFF	143
3545	#FFFFFF	143
3546	#FFFFFF	143
3547	#FFFFFF	143
3548	#FFFFFF	143
3549	#FFFFFF	889
3550	#FFFFFF	143
3551	#FFFFFF	155
3552	#FFFFFF	155
3553	#FFFFFF	155
3554	#FFFFFF	155
3555	#FFFFFF	155
3556	#FFFFFF	155
3557	#FFFFFF	155
3558	#FFFFFF	155
3559	#FFFFFF	155
3560	#FFFFFF	143
3561	#FFFFFF	155
3562	#FFFFFF	155
3563	#FFFFFF	303
3564	#FFFFFF	303
3565	#FFFFFF	303
3566	#FFFFFF	303
3567	#FFFFFF	303
3568	#FFFFFF	303
3569	#FFFFFF	303
3570	#FFFFFF	303
3571	#FFFFFF	143
3572	#FFFFFF	303
3573	#FFFFFF	303
3574	#FFFFFF	303
3575	#FFFFFF	155
3576	#FFFFFF	155
3577	#FFFFFF	155
3578	#FFFFFF	155
3579	#FFFFFF	155
3580	#FFFFFF	155
3581	#FFFFFF	143
3582	#FFFFFF	143
3583	#FFFFFF	143
3584	#FFFFFF	143
3585	#FFFFFF	143
3587	#FFFFFF	143
3588	#FFFFFF	143
3589	#FFFFFF	143
3590	#FFFFFF	143
3591	#FFFFFF	143
3592	#FFFFFF	143
3593	#FFFFFF	143
3594	#FFFFFF	143
3595	#FFFFFF	143
3596	#FFFFFF	143
3597	#FFFFFF	143
3598	#FFFFFF	143
3599	#FFFFFF	889
3600	#FFFFFF	143
3601	#FFFFFF	143
3602	#FFFFFF	155
3603	#FFFFFF	143
3604	#FFFFFF	155
3605	#FFFFFF	143
3606	#FFFFFF	155
3607	#FFFFFF	155
3608	#FFFFFF	155
3609	#FFFFFF	155
3610	#FFFFFF	889
3611	#FFFFFF	155
3612	#FFFFFF	155
3613	#FFFFFF	155
3614	#FFFFFF	303
3615	#FFFFFF	303
3616	#FFFFFF	303
3617	#FFFFFF	303
3618	#FFFFFF	303
3619	#FFFFFF	303
3620	#FFFFFF	303
3621	#FFFFFF	143
3622	#FFFFFF	303
3623	#FFFFFF	303
3624	#FFFFFF	303
3625	#FFFFFF	155
3626	#FFFFFF	155
3627	#FFFFFF	155
3628	#FFFFFF	155
3629	#FFFFFF	155
3630	#FFFFFF	155
3632	#FFFFFF	143
3633	#FFFFFF	143
3634	#FFFFFF	143
3635	#FFFFFF	143
3636	#FFFFFF	143
3637	#FFFFFF	143
3638	#FFFFFF	143
3639	#FFFFFF	143
3640	#FFFFFF	143
3641	#FFFFFF	143
3642	#FFFFFF	143
3643	#FFFFFF	143
3644	#FFFFFF	143
3645	#FFFFFF	143
3646	#FFFFFF	143
3647	#FFFFFF	143
3648	#FFFFFF	143
3649	#FFFFFF	143
3650	#FFFFFF	889
3651	#FFFFFF	143
3652	#FFFFFF	155
3653	#FFFFFF	155
3654	#FFFFFF	143
3655	#FFFFFF	155
3656	#FFFFFF	143
3657	#FFFFFF	155
3658	#FFFFFF	155
3659	#FFFFFF	155
3660	#FFFFFF	155
3661	#FFFFFF	143
3662	#FFFFFF	155
3663	#FFFFFF	155
3664	#FFFFFF	303
3665	#FFFFFF	303
3666	#FFFFFF	303
3667	#FFFFFF	155
3668	#FFFFFF	303
3669	#FFFFFF	303
3670	#FFFFFF	303
3671	#FFFFFF	303
3672	#FFFFFF	143
3673	#FFFFFF	303
3674	#FFFFFF	303
3675	#FFFFFF	155
3676	#FFFFFF	155
3677	#FFFFFF	155
3678	#FFFFFF	155
3679	#FFFFFF	155
3680	#FFFFFF	155
3681	#FFFFFF	155
3682	#FFFFFF	143
3683	#FFFFFF	143
3684	#FFFFFF	143
3685	#FFFFFF	143
3686	#FFFFFF	143
3688	#FFFFFF	143
3689	#FFFFFF	889
3690	#FFFFFF	143
3691	#FFFFFF	143
3692	#FFFFFF	143
3693	#FFFFFF	143
3694	#FFFFFF	143
3695	#FFFFFF	143
3696	#FFFFFF	143
3697	#FFFFFF	143
3698	#FFFFFF	143
3699	#FFFFFF	143
3700	#FFFFFF	143
3701	#FFFFFF	143
3702	#FFFFFF	143
3703	#FFFFFF	155
3704	#FFFFFF	143
3705	#FFFFFF	143
3706	#FFFFFF	143
3707	#FFFFFF	155
3708	#FFFFFF	155
3709	#FFFFFF	155
3710	#FFFFFF	155
3711	#FFFFFF	143
3712	#FFFFFF	155
3713	#FFFFFF	155
3714	#FFFFFF	155
3715	#FFFFFF	155
3716	#FFFFFF	155
3717	#FFFFFF	155
3718	#FFFFFF	155
3719	#FFFFFF	303
3720	#FFFFFF	303
3721	#FFFFFF	303
3722	#FFFFFF	143
3723	#FFFFFF	303
3724	#FFFFFF	303
3725	#FFFFFF	155
3726	#FFFFFF	155
3727	#FFFFFF	155
3728	#FFFFFF	155
3729	#FFFFFF	155
3730	#FFFFFF	155
3731	#FFFFFF	155
3733	#FFFFFF	143
3734	#FFFFFF	143
3735	#FFFFFF	143
3736	#FFFFFF	143
3737	#FFFFFF	143
3738	#FFFFFF	889
3739	#FFFFFF	143
3740	#FFFFFF	889
3741	#FFFFFF	143
3742	#FFFFFF	143
3743	#FFFFFF	143
3744	#FFFFFF	143
3745	#FFFFFF	143
3746	#FFFFFF	143
3747	#FFFFFF	143
3748	#FFFFFF	155
3749	#FFFFFF	143
3750	#FFFFFF	143
3751	#FFFFFF	143
3752	#FFFFFF	143
3753	#FFFFFF	155
3754	#FFFFFF	155
3755	#FFFFFF	143
3756	#FFFFFF	143
3757	#FFFFFF	155
3758	#FFFFFF	155
3759	#FFFFFF	155
3760	#FFFFFF	155
3761	#FFFFFF	155
3762	#FFFFFF	143
3763	#FFFFFF	155
3764	#FFFFFF	155
3765	#FFFFFF	155
3766	#FFFFFF	155
3767	#FFFFFF	155
3768	#FFFFFF	155
3769	#FFFFFF	303
3770	#FFFFFF	303
3771	#FFFFFF	303
3772	#FFFFFF	303
3773	#FFFFFF	143
3774	#FFFFFF	303
3775	#FFFFFF	303
3776	#FFFFFF	303
3777	#FFFFFF	155
3778	#FFFFFF	155
3779	#FFFFFF	155
3780	#FFFFFF	155
3781	#FFFFFF	155
3782	#FFFFFF	155
3783	#FFFFFF	143
3784	#FFFFFF	143
3785	#FFFFFF	143
3786	#FFFFFF	143
3787	#FFFFFF	143
3789	#FFFFFF	889
3790	#FFFFFF	889
3791	#FFFFFF	143
3792	#FFFFFF	143
3793	#FFFFFF	143
3794	#FFFFFF	143
3795	#FFFFFF	143
3796	#FFFFFF	143
3797	#FFFFFF	143
3798	#FFFFFF	143
3799	#FFFFFF	155
3800	#FFFFFF	143
3801	#FFFFFF	143
3802	#FFFFFF	143
3803	#FFFFFF	155
3804	#FFFFFF	155
3805	#FFFFFF	155
3806	#FFFFFF	143
3807	#FFFFFF	143
3808	#FFFFFF	155
3809	#FFFFFF	155
3810	#FFFFFF	155
3811	#FFFFFF	155
3812	#FFFFFF	143
3813	#FFFFFF	155
3814	#FFFFFF	155
3815	#FFFFFF	155
3816	#FFFFFF	155
3817	#FFFFFF	155
3818	#FFFFFF	303
3819	#FFFFFF	155
3820	#FFFFFF	155
3821	#FFFFFF	303
3822	#FFFFFF	303
3823	#FFFFFF	143
3824	#FFFFFF	303
3825	#FFFFFF	303
3826	#FFFFFF	303
3827	#FFFFFF	155
3828	#FFFFFF	303
3829	#FFFFFF	155
3830	#FFFFFF	155
3831	#FFFFFF	155
3832	#FFFFFF	155
3834	#FFFFFF	143
3835	#FFFFFF	143
3836	#FFFFFF	143
3837	#FFFFFF	143
3838	#FFFFFF	143
3839	#FFFFFF	889
3840	#FFFFFF	889
3841	#FFFFFF	143
3842	#FFFFFF	143
3843	#FFFFFF	143
3844	#FFFFFF	143
3845	#FFFFFF	143
3846	#FFFFFF	143
3847	#FFFFFF	143
3848	#FFFFFF	143
3849	#FFFFFF	143
3850	#FFFFFF	155
3851	#FFFFFF	155
3852	#FFFFFF	143
3853	#FFFFFF	155
3854	#FFFFFF	155
3855	#FFFFFF	143
3856	#FFFFFF	143
3857	#FFFFFF	143
3858	#FFFFFF	155
3859	#FFFFFF	155
3860	#FFFFFF	155
3861	#FFFFFF	155
3862	#FFFFFF	155
3863	#FFFFFF	143
3864	#FFFFFF	155
3865	#FFFFFF	155
3866	#FFFFFF	155
3867	#FFFFFF	155
3868	#FFFFFF	155
3869	#FFFFFF	303
3870	#FFFFFF	155
3871	#FFFFFF	303
3872	#FFFFFF	303
3873	#FFFFFF	303
3874	#FFFFFF	143
3875	#FFFFFF	303
3876	#FFFFFF	303
3877	#FFFFFF	155
3878	#FFFFFF	303
3879	#FFFFFF	155
3880	#FFFFFF	155
3881	#FFFFFF	155
3882	#FFFFFF	155
3883	#FFFFFF	155
3884	#FFFFFF	143
3885	#FFFFFF	143
3886	#FFFFFF	143
3887	#FFFFFF	143
3888	#FFFFFF	143
3890	#FFFFFF	889
3891	#FFFFFF	889
3892	#FFFFFF	143
3893	#FFFFFF	143
3894	#FFFFFF	143
3895	#FFFFFF	143
3896	#FFFFFF	143
3897	#FFFFFF	143
3898	#FFFFFF	143
3899	#FFFFFF	143
3900	#FFFFFF	143
3901	#FFFFFF	155
3902	#FFFFFF	143
3903	#FFFFFF	155
3904	#FFFFFF	155
3905	#FFFFFF	143
3906	#FFFFFF	143
3907	#FFFFFF	143
3908	#FFFFFF	155
3909	#FFFFFF	155
3910	#FFFFFF	155
3911	#FFFFFF	155
3912	#FFFFFF	155
3913	#FFFFFF	143
3914	#FFFFFF	155
3915	#FFFFFF	155
3916	#FFFFFF	155
3917	#FFFFFF	155
3918	#FFFFFF	303
3919	#FFFFFF	303
3920	#FFFFFF	155
3921	#FFFFFF	155
3922	#FFFFFF	303
3923	#FFFFFF	303
3924	#FFFFFF	143
3925	#FFFFFF	303
3926	#FFFFFF	155
3927	#FFFFFF	155
3928	#FFFFFF	155
3929	#FFFFFF	303
3930	#FFFFFF	303
3931	#FFFFFF	303
3932	#FFFFFF	303
3933	#FFFFFF	155
3935	#FFFFFF	143
3936	#FFFFFF	143
3937	#FFFFFF	143
3938	#FFFFFF	143
3939	#FFFFFF	143
3940	#FFFFFF	889
3941	#FFFFFF	889
3942	#FFFFFF	889
3943	#FFFFFF	143
3944	#FFFFFF	143
3945	#FFFFFF	143
3946	#FFFFFF	143
3947	#FFFFFF	143
3948	#FFFFFF	143
3949	#FFFFFF	143
3950	#FFFFFF	143
3951	#FFFFFF	155
3952	#FFFFFF	155
3953	#FFFFFF	143
3954	#FFFFFF	155
3955	#FFFFFF	143
3956	#FFFFFF	143
3957	#FFFFFF	143
3958	#FFFFFF	143
3959	#FFFFFF	155
3960	#FFFFFF	155
3961	#FFFFFF	155
3962	#FFFFFF	155
3963	#FFFFFF	155
3964	#FFFFFF	143
3965	#FFFFFF	155
3966	#FFFFFF	155
3967	#FFFFFF	155
3968	#FFFFFF	155
3969	#FFFFFF	303
3970	#FFFFFF	303
3971	#FFFFFF	155
3972	#FFFFFF	303
3973	#FFFFFF	303
3974	#FFFFFF	303
3975	#FFFFFF	143
3976	#FFFFFF	303
3977	#FFFFFF	155
3978	#FFFFFF	155
3979	#FFFFFF	303
3980	#FFFFFF	303
3981	#FFFFFF	303
3982	#FFFFFF	303
3983	#FFFFFF	303
3984	#FFFFFF	155
3985	#FFFFFF	143
3986	#FFFFFF	143
3987	#FFFFFF	143
3988	#FFFFFF	143
3989	#FFFFFF	143
3991	#FFFFFF	889
3992	#FFFFFF	889
3993	#FFFFFF	143
3994	#FFFFFF	143
3995	#FFFFFF	143
3996	#FFFFFF	143
3997	#FFFFFF	143
3998	#FFFFFF	143
3999	#FFFFFF	143
4000	#FFFFFF	143
4001	#FFFFFF	143
4002	#FFFFFF	155
4003	#FFFFFF	143
4004	#FFFFFF	155
4005	#FFFFFF	155
4006	#FFFFFF	143
4007	#FFFFFF	143
4008	#FFFFFF	143
4009	#FFFFFF	155
4010	#FFFFFF	155
4011	#FFFFFF	155
4012	#FFFFFF	155
4013	#FFFFFF	155
4014	#FFFFFF	143
4015	#FFFFFF	155
4016	#FFFFFF	155
4017	#FFFFFF	155
4018	#FFFFFF	155
4019	#FFFFFF	155
4020	#FFFFFF	303
4021	#FFFFFF	155
4022	#FFFFFF	303
4023	#FFFFFF	303
4024	#FFFFFF	303
4025	#FFFFFF	143
4026	#FFFFFF	303
4027	#FFFFFF	303
4028	#FFFFFF	155
4029	#FFFFFF	155
4030	#FFFFFF	303
4031	#FFFFFF	303
4032	#FFFFFF	303
4033	#FFFFFF	303
4034	#FFFFFF	303
4036	#FFFFFF	143
4037	#FFFFFF	143
4038	#FFFFFF	143
4039	#FFFFFF	143
4040	#FFFFFF	143
4042	#FFFFFF	51
4043	#FFFFFF	51
4044	#FFFFFF	51
4045	#FFFFFF	51
4046	#FFFFFF	51
4047	#FFFFFF	51
4048	#FFFFFF	51
4049	#FFFFFF	51
4050	#FFFFFF	51
4051	#FFFFFF	51
4052	#FFFFFF	51
4053	#FFFFFF	51
4054	#FFFFFF	51
4055	#FFFFFF	51
4056	#FFFFFF	51
4057	#FFFFFF	51
4058	#FFFFFF	51
4059	#FFFFFF	143
4060	#FFFFFF	143
4061	#FFFFFF	143
4062	#FFFFFF	143
4063	#FFFFFF	143
4064	#FFFFFF	143
4065	#FFFFFF	51
4066	#FFFFFF	143
4067	#FFFFFF	143
4068	#FFFFFF	143
4069	#FFFFFF	143
4070	#FFFFFF	143
4071	#FFFFFF	155
4072	#FFFFFF	143
4073	#FFFFFF	155
4074	#FFFFFF	155
4075	#FFFFFF	155
4076	#FFFFFF	143
4077	#FFFFFF	155
4078	#FFFFFF	155
4079	#FFFFFF	155
4080	#FFFFFF	155
4081	#FFFFFF	155
4082	#FFFFFF	577
4083	#FFFFFF	577
4084	#FFFFFF	577
4085	#FFFFFF	577
4087	#FFFFFF	143
4088	#FFFFFF	143
4089	#FFFFFF	143
4090	#FFFFFF	143
4091	#FFFFFF	51
4092	#FFFFFF	51
4093	#FFFFFF	51
4094	#FFFFFF	51
4095	#FFFFFF	51
4096	#FFFFFF	51
4097	#FFFFFF	51
4098	#FFFFFF	51
4099	#FFFFFF	51
4100	#FFFFFF	51
4101	#FFFFFF	51
4102	#FFFFFF	51
4103	#FFFFFF	51
4104	#FFFFFF	51
4105	#FFFFFF	51
4106	#FFFFFF	51
4107	#FFFFFF	51
4108	#FFFFFF	143
4109	#FFFFFF	143
4110	#FFFFFF	143
4111	#FFFFFF	143
4112	#FFFFFF	143
4113	#FFFFFF	143
4114	#FFFFFF	143
4115	#FFFFFF	143
4116	#FFFFFF	143
4117	#FFFFFF	143
4118	#FFFFFF	143
4119	#FFFFFF	143
4120	#FFFFFF	143
4121	#FFFFFF	155
4122	#FFFFFF	155
4123	#FFFFFF	155
4124	#FFFFFF	155
4125	#FFFFFF	155
4126	#FFFFFF	155
4127	#FFFFFF	143
4128	#FFFFFF	155
4129	#FFFFFF	155
4130	#FFFFFF	155
4131	#FFFFFF	155
4132	#FFFFFF	577
4133	#FFFFFF	155
4134	#FFFFFF	577
4135	#FFFFFF	577
4136	#FFFFFF	577
4137	#FFFFFF	143
4138	#FFFFFF	143
4139	#FFFFFF	143
4140	#FFFFFF	143
4141	#FFFFFF	51
4143	#FFFFFF	51
4144	#FFFFFF	51
4145	#FFFFFF	51
4146	#FFFFFF	51
4147	#FFFFFF	51
4148	#FFFFFF	51
4149	#FFFFFF	51
4150	#FFFFFF	51
4151	#FFFFFF	51
4152	#FFFFFF	51
4153	#FFFFFF	51
4154	#FFFFFF	51
4155	#FFFFFF	51
4156	#FFFFFF	51
4157	#FFFFFF	51
4158	#FFFFFF	51
4159	#FFFFFF	143
4160	#FFFFFF	51
4161	#FFFFFF	143
4162	#FFFFFF	143
4163	#FFFFFF	143
4164	#FFFFFF	51
4165	#FFFFFF	51
4166	#FFFFFF	51
4167	#FFFFFF	143
4168	#FFFFFF	143
4169	#FFFFFF	143
4170	#FFFFFF	143
4171	#FFFFFF	155
4172	#FFFFFF	155
4173	#FFFFFF	155
4174	#FFFFFF	155
4175	#FFFFFF	155
4176	#FFFFFF	155
4177	#FFFFFF	143
4178	#FFFFFF	155
4179	#FFFFFF	155
4180	#FFFFFF	155
4181	#FFFFFF	155
4182	#FFFFFF	155
4183	#FFFFFF	155
4184	#FFFFFF	155
4185	#FFFFFF	577
4186	#FFFFFF	577
4188	#FFFFFF	143
4189	#FFFFFF	143
4190	#FFFFFF	143
4191	#FFFFFF	143
4192	#FFFFFF	51
4193	#FFFFFF	51
4194	#FFFFFF	51
4195	#FFFFFF	51
4196	#FFFFFF	51
4197	#FFFFFF	51
4198	#FFFFFF	51
4199	#FFFFFF	51
4200	#FFFFFF	51
4201	#FFFFFF	51
4202	#FFFFFF	51
4203	#FFFFFF	51
4204	#FFFFFF	51
4205	#FFFFFF	51
4206	#FFFFFF	51
4207	#FFFFFF	51
4208	#FFFFFF	51
4209	#FFFFFF	51
4210	#FFFFFF	51
4211	#FFFFFF	51
4212	#FFFFFF	143
4213	#FFFFFF	143
4214	#FFFFFF	51
4215	#FFFFFF	51
4216	#FFFFFF	143
4217	#FFFFFF	143
4218	#FFFFFF	143
4219	#FFFFFF	143
4220	#FFFFFF	155
4221	#FFFFFF	155
4222	#FFFFFF	155
4223	#FFFFFF	155
4224	#FFFFFF	155
4225	#FFFFFF	155
4226	#FFFFFF	155
4227	#FFFFFF	155
4228	#FFFFFF	143
4229	#FFFFFF	155
4230	#FFFFFF	155
4231	#FFFFFF	155
4232	#FFFFFF	155
4233	#FFFFFF	155
4234	#FFFFFF	577
4235	#FFFFFF	577
4236	#FFFFFF	577
4237	#FFFFFF	577
4238	#FFFFFF	143
4239	#FFFFFF	143
4240	#FFFFFF	143
4241	#FFFFFF	51
4242	#FFFFFF	51
4244	#FFFFFF	51
4245	#FFFFFF	51
4246	#FFFFFF	51
4247	#FFFFFF	51
4248	#FFFFFF	51
4249	#FFFFFF	51
4250	#FFFFFF	51
4251	#FFFFFF	51
4252	#FFFFFF	51
4253	#FFFFFF	51
4254	#FFFFFF	51
4255	#FFFFFF	51
4256	#FFFFFF	51
4257	#FFFFFF	51
4258	#FFFFFF	51
4259	#FFFFFF	51
4260	#FFFFFF	51
4261	#FFFFFF	51
4262	#FFFFFF	143
4263	#FFFFFF	143
4264	#FFFFFF	51
4265	#FFFFFF	143
4266	#FFFFFF	143
4267	#FFFFFF	51
4268	#FFFFFF	143
4269	#FFFFFF	143
4270	#FFFFFF	143
4271	#FFFFFF	155
4272	#FFFFFF	155
4273	#FFFFFF	155
4274	#FFFFFF	155
4275	#FFFFFF	155
4276	#FFFFFF	155
4277	#FFFFFF	155
4278	#FFFFFF	143
4279	#FFFFFF	155
4280	#FFFFFF	155
4281	#FFFFFF	155
4282	#FFFFFF	155
4283	#FFFFFF	155
4284	#FFFFFF	155
4285	#FFFFFF	577
4286	#FFFFFF	577
4287	#FFFFFF	577
4289	#FFFFFF	143
4290	#FFFFFF	143
4291	#FFFFFF	143
4292	#FFFFFF	143
4293	#FFFFFF	51
4294	#FFFFFF	51
4295	#FFFFFF	51
4296	#FFFFFF	51
4297	#FFFFFF	51
4298	#FFFFFF	51
4299	#FFFFFF	51
4300	#FFFFFF	51
4301	#FFFFFF	51
4302	#FFFFFF	51
4303	#FFFFFF	51
4304	#FFFFFF	51
4305	#FFFFFF	51
4306	#FFFFFF	51
4307	#FFFFFF	51
4308	#FFFFFF	51
4309	#FFFFFF	51
4310	#FFFFFF	51
4311	#FFFFFF	51
4312	#FFFFFF	51
4313	#FFFFFF	51
4314	#FFFFFF	143
4315	#FFFFFF	51
4316	#FFFFFF	143
4317	#FFFFFF	143
4318	#FFFFFF	143
4319	#FFFFFF	143
4320	#FFFFFF	143
4321	#FFFFFF	143
4322	#FFFFFF	155
4323	#FFFFFF	155
4324	#FFFFFF	155
4325	#FFFFFF	155
4326	#FFFFFF	155
4327	#FFFFFF	155
4328	#FFFFFF	155
4329	#FFFFFF	143
4330	#FFFFFF	155
4331	#FFFFFF	155
4332	#FFFFFF	155
4333	#FFFFFF	155
4334	#FFFFFF	155
4335	#FFFFFF	155
4336	#FFFFFF	155
4337	#FFFFFF	577
4338	#FFFFFF	577
4339	#FFFFFF	143
4340	#FFFFFF	143
4341	#FFFFFF	143
4342	#FFFFFF	143
4343	#FFFFFF	51
4345	#FFFFFF	51
4346	#FFFFFF	51
4347	#FFFFFF	51
4348	#FFFFFF	143
4349	#FFFFFF	51
4350	#FFFFFF	51
4351	#FFFFFF	51
4352	#FFFFFF	51
4353	#FFFFFF	51
4354	#FFFFFF	51
4355	#FFFFFF	51
4356	#FFFFFF	51
4357	#FFFFFF	51
4358	#FFFFFF	51
4359	#FFFFFF	51
4360	#FFFFFF	51
4361	#FFFFFF	51
4362	#FFFFFF	51
4363	#FFFFFF	51
4364	#FFFFFF	51
4365	#FFFFFF	51
4366	#FFFFFF	51
4367	#FFFFFF	143
4368	#FFFFFF	51
4369	#FFFFFF	143
4370	#FFFFFF	143
4371	#FFFFFF	143
4372	#FFFFFF	155
4373	#FFFFFF	155
4374	#FFFFFF	155
4375	#FFFFFF	155
4376	#FFFFFF	155
4377	#FFFFFF	155
4378	#FFFFFF	155
4379	#FFFFFF	143
4380	#FFFFFF	155
4381	#FFFFFF	155
4382	#FFFFFF	155
4383	#FFFFFF	155
4384	#FFFFFF	155
4385	#FFFFFF	155
4386	#FFFFFF	155
4387	#FFFFFF	155
4388	#FFFFFF	577
4390	#FFFFFF	143
4391	#FFFFFF	143
4392	#FFFFFF	143
4393	#FFFFFF	143
4394	#FFFFFF	143
4395	#FFFFFF	51
4396	#FFFFFF	51
4397	#FFFFFF	51
4398	#FFFFFF	143
4399	#FFFFFF	143
4400	#FFFFFF	51
4401	#FFFFFF	51
4402	#FFFFFF	51
4403	#FFFFFF	51
4404	#FFFFFF	51
4405	#FFFFFF	51
4406	#FFFFFF	51
4407	#FFFFFF	51
4408	#FFFFFF	51
4409	#FFFFFF	51
4410	#FFFFFF	51
4411	#FFFFFF	51
4412	#FFFFFF	51
4413	#FFFFFF	51
4414	#FFFFFF	51
4415	#FFFFFF	51
4416	#FFFFFF	51
4417	#FFFFFF	143
4418	#FFFFFF	143
4419	#FFFFFF	143
4420	#FFFFFF	143
4421	#FFFFFF	155
4422	#FFFFFF	155
4423	#FFFFFF	155
4424	#FFFFFF	155
4425	#FFFFFF	155
4426	#FFFFFF	155
4427	#FFFFFF	155
4428	#FFFFFF	155
4429	#FFFFFF	155
4430	#FFFFFF	143
4431	#FFFFFF	155
4432	#FFFFFF	155
4433	#FFFFFF	155
4434	#FFFFFF	155
4435	#FFFFFF	155
4436	#FFFFFF	155
4437	#FFFFFF	155
4438	#FFFFFF	155
4439	#FFFFFF	577
4440	#FFFFFF	143
4441	#FFFFFF	143
4442	#FFFFFF	143
4443	#FFFFFF	143
4444	#FFFFFF	143
4446	#FFFFFF	51
4447	#FFFFFF	51
4448	#FFFFFF	143
4449	#FFFFFF	143
4450	#FFFFFF	51
4451	#FFFFFF	51
4452	#FFFFFF	51
4453	#FFFFFF	51
4454	#FFFFFF	51
4455	#FFFFFF	51
4456	#FFFFFF	51
4457	#FFFFFF	51
4458	#FFFFFF	51
4459	#FFFFFF	51
4460	#FFFFFF	51
4461	#FFFFFF	51
4462	#FFFFFF	51
4463	#FFFFFF	51
4464	#FFFFFF	51
4465	#FFFFFF	51
4466	#FFFFFF	51
4467	#FFFFFF	51
4468	#FFFFFF	143
4469	#FFFFFF	51
4470	#FFFFFF	143
4471	#FFFFFF	155
4472	#FFFFFF	155
4473	#FFFFFF	155
4474	#FFFFFF	155
4475	#FFFFFF	155
4476	#FFFFFF	155
4477	#FFFFFF	155
4478	#FFFFFF	155
4479	#FFFFFF	155
4480	#FFFFFF	51
4481	#FFFFFF	155
4482	#FFFFFF	155
4483	#FFFFFF	155
4484	#FFFFFF	155
4485	#FFFFFF	155
4486	#FFFFFF	155
4487	#FFFFFF	155
4488	#FFFFFF	155
4489	#FFFFFF	577
4491	#FFFFFF	51
4492	#FFFFFF	143
4493	#FFFFFF	143
4494	#FFFFFF	143
4495	#FFFFFF	143
4496	#FFFFFF	143
4497	#FFFFFF	51
4498	#FFFFFF	51
4499	#FFFFFF	143
4500	#FFFFFF	143
4501	#FFFFFF	51
4502	#FFFFFF	51
4503	#FFFFFF	51
4504	#FFFFFF	51
4505	#FFFFFF	51
4506	#FFFFFF	51
4507	#FFFFFF	51
4508	#FFFFFF	51
4509	#FFFFFF	51
4510	#FFFFFF	51
4511	#FFFFFF	143
4512	#FFFFFF	51
4513	#FFFFFF	143
4514	#FFFFFF	143
4515	#FFFFFF	51
4516	#FFFFFF	51
4517	#FFFFFF	51
4518	#FFFFFF	51
4519	#FFFFFF	143
4520	#FFFFFF	51
4521	#FFFFFF	143
4522	#FFFFFF	155
4523	#FFFFFF	155
4524	#FFFFFF	155
4525	#FFFFFF	155
4526	#FFFFFF	155
4527	#FFFFFF	155
4528	#FFFFFF	155
4529	#FFFFFF	155
4530	#FFFFFF	155
4531	#FFFFFF	51
4532	#FFFFFF	155
4533	#FFFFFF	155
4534	#FFFFFF	155
4535	#FFFFFF	155
4536	#FFFFFF	155
4537	#FFFFFF	155
4538	#FFFFFF	155
4539	#FFFFFF	155
4540	#FFFFFF	577
4541	#FFFFFF	143
4542	#FFFFFF	143
4543	#FFFFFF	143
4544	#FFFFFF	143
4545	#FFFFFF	143
4547	#FFFFFF	814
4548	#FFFFFF	51
4549	#FFFFFF	51
4550	#FFFFFF	51
4551	#FFFFFF	51
4552	#FFFFFF	51
4553	#FFFFFF	51
4554	#FFFFFF	51
4555	#FFFFFF	51
4556	#FFFFFF	51
4557	#FFFFFF	51
4558	#FFFFFF	51
4559	#FFFFFF	51
4560	#FFFFFF	51
4561	#FFFFFF	51
4562	#FFFFFF	51
4563	#FFFFFF	51
4564	#FFFFFF	51
4565	#FFFFFF	51
4566	#FFFFFF	51
4567	#FFFFFF	51
4568	#FFFFFF	51
4569	#FFFFFF	51
4570	#FFFFFF	51
4571	#FFFFFF	51
4572	#FFFFFF	51
4573	#FFFFFF	143
4574	#FFFFFF	143
4575	#FFFFFF	143
4576	#FFFFFF	51
4577	#FFFFFF	51
4578	#FFFFFF	51
4579	#FFFFFF	155
4580	#FFFFFF	155
4581	#FFFFFF	51
4582	#FFFFFF	155
4583	#FFFFFF	155
4584	#FFFFFF	155
4585	#FFFFFF	155
4586	#FFFFFF	155
4587	#FFFFFF	155
4588	#FFFFFF	155
4589	#FFFFFF	155
4590	#FFFFFF	155
4592	#FFFFFF	51
4593	#FFFFFF	51
4594	#FFFFFF	51
4595	#FFFFFF	51
4596	#FFFFFF	51
4597	#FFFFFF	814
4598	#FFFFFF	51
4599	#FFFFFF	51
4600	#FFFFFF	51
4601	#FFFFFF	51
4602	#FFFFFF	51
4603	#FFFFFF	51
4604	#FFFFFF	51
4605	#FFFFFF	51
4606	#FFFFFF	51
4607	#FFFFFF	51
4608	#FFFFFF	51
4609	#FFFFFF	51
4610	#FFFFFF	51
4611	#FFFFFF	51
4612	#FFFFFF	51
4613	#FFFFFF	51
4614	#FFFFFF	51
4615	#FFFFFF	51
4616	#FFFFFF	51
4617	#FFFFFF	51
4618	#FFFFFF	51
4619	#FFFFFF	51
4620	#FFFFFF	51
4621	#FFFFFF	51
4622	#FFFFFF	51
4623	#FFFFFF	143
4624	#FFFFFF	143
4625	#FFFFFF	51
4626	#FFFFFF	51
4627	#FFFFFF	51
4628	#FFFFFF	51
4629	#FFFFFF	51
4630	#FFFFFF	51
4631	#FFFFFF	155
4632	#FFFFFF	51
4633	#FFFFFF	155
4634	#FFFFFF	155
4635	#FFFFFF	155
4636	#FFFFFF	155
4637	#FFFFFF	155
4638	#FFFFFF	155
4639	#FFFFFF	155
4640	#FFFFFF	577
4641	#FFFFFF	577
4642	#FFFFFF	51
4643	#FFFFFF	51
4644	#FFFFFF	51
4645	#FFFFFF	51
4646	#FFFFFF	51
4648	#FFFFFF	51
4649	#FFFFFF	51
4650	#FFFFFF	51
4651	#FFFFFF	51
4652	#FFFFFF	51
4653	#FFFFFF	51
4654	#FFFFFF	51
4655	#FFFFFF	51
4656	#FFFFFF	51
4657	#FFFFFF	51
4658	#FFFFFF	51
4659	#FFFFFF	51
4660	#FFFFFF	51
4661	#FFFFFF	51
4662	#FFFFFF	51
4663	#FFFFFF	51
4664	#FFFFFF	51
4665	#FFFFFF	51
4666	#FFFFFF	51
4667	#FFFFFF	51
4668	#FFFFFF	51
4669	#FFFFFF	51
4670	#FFFFFF	51
4671	#FFFFFF	51
4672	#FFFFFF	51
4673	#FFFFFF	51
4674	#FFFFFF	143
4675	#FFFFFF	51
4676	#FFFFFF	51
4677	#FFFFFF	51
4678	#FFFFFF	51
4679	#FFFFFF	51
4680	#FFFFFF	51
4681	#FFFFFF	51
4682	#FFFFFF	51
4683	#FFFFFF	155
4684	#FFFFFF	155
4685	#FFFFFF	155
4686	#FFFFFF	577
4687	#FFFFFF	155
4688	#FFFFFF	155
4689	#FFFFFF	155
4690	#FFFFFF	155
4691	#FFFFFF	577
4693	#FFFFFF	51
4694	#FFFFFF	51
4695	#FFFFFF	51
4696	#FFFFFF	51
4697	#FFFFFF	51
4698	#FFFFFF	814
4699	#FFFFFF	51
4700	#FFFFFF	51
4701	#FFFFFF	51
4702	#FFFFFF	51
4703	#FFFFFF	51
4704	#FFFFFF	51
4705	#FFFFFF	51
4706	#FFFFFF	51
4707	#FFFFFF	51
4708	#FFFFFF	51
4709	#FFFFFF	51
4710	#FFFFFF	51
4711	#FFFFFF	51
4712	#FFFFFF	51
4713	#FFFFFF	51
4714	#FFFFFF	51
4715	#FFFFFF	51
4716	#FFFFFF	51
4717	#FFFFFF	51
4718	#FFFFFF	51
4719	#FFFFFF	51
4720	#FFFFFF	51
4721	#FFFFFF	51
4722	#FFFFFF	51
4723	#FFFFFF	51
4724	#FFFFFF	51
4725	#FFFFFF	143
4726	#FFFFFF	51
4727	#FFFFFF	51
4728	#FFFFFF	51
4729	#FFFFFF	51
4730	#FFFFFF	51
4731	#FFFFFF	51
4732	#FFFFFF	51
4733	#FFFFFF	51
4734	#FFFFFF	155
4735	#FFFFFF	155
4736	#FFFFFF	577
4737	#FFFFFF	577
4738	#FFFFFF	155
4739	#FFFFFF	155
4740	#FFFFFF	155
4741	#FFFFFF	155
4742	#FFFFFF	577
4743	#FFFFFF	51
4744	#FFFFFF	51
4745	#FFFFFF	51
4746	#FFFFFF	51
4747	#FFFFFF	51
4749	#FFFFFF	51
4750	#FFFFFF	51
4751	#FFFFFF	51
4752	#FFFFFF	51
4753	#FFFFFF	51
4754	#FFFFFF	51
4755	#FFFFFF	51
4756	#FFFFFF	51
4757	#FFFFFF	51
4758	#FFFFFF	51
4759	#FFFFFF	51
4760	#FFFFFF	51
4761	#FFFFFF	51
4762	#FFFFFF	51
4763	#FFFFFF	51
4764	#FFFFFF	51
4765	#FFFFFF	51
4766	#FFFFFF	51
4767	#FFFFFF	51
4768	#FFFFFF	51
4769	#FFFFFF	51
4770	#FFFFFF	51
4771	#FFFFFF	51
4772	#FFFFFF	51
4773	#FFFFFF	51
4774	#FFFFFF	51
4775	#FFFFFF	51
4776	#FFFFFF	51
4777	#FFFFFF	51
4778	#FFFFFF	51
4779	#FFFFFF	51
4780	#FFFFFF	51
4781	#FFFFFF	51
4782	#FFFFFF	51
4783	#FFFFFF	51
4784	#FFFFFF	155
4785	#FFFFFF	155
4786	#FFFFFF	155
4787	#FFFFFF	577
4788	#FFFFFF	155
4789	#FFFFFF	155
4790	#FFFFFF	155
4791	#FFFFFF	155
4792	#FFFFFF	577
4794	#FFFFFF	51
4795	#FFFFFF	51
4796	#FFFFFF	51
4797	#FFFFFF	51
4798	#FFFFFF	51
4799	#FFFFFF	51
4800	#FFFFFF	51
4801	#FFFFFF	51
4802	#FFFFFF	51
4803	#FFFFFF	51
4804	#FFFFFF	51
4805	#FFFFFF	51
4806	#FFFFFF	51
4807	#FFFFFF	51
4808	#FFFFFF	51
4809	#FFFFFF	51
4810	#FFFFFF	51
4811	#FFFFFF	51
4812	#FFFFFF	51
4813	#FFFFFF	51
4814	#FFFFFF	51
4815	#FFFFFF	51
4816	#FFFFFF	51
4817	#FFFFFF	51
4818	#FFFFFF	51
4819	#FFFFFF	51
4820	#FFFFFF	51
4821	#FFFFFF	51
4822	#FFFFFF	51
4823	#FFFFFF	51
4824	#FFFFFF	51
4825	#FFFFFF	51
4826	#FFFFFF	51
4827	#FFFFFF	51
4828	#FFFFFF	51
4829	#FFFFFF	51
4830	#FFFFFF	51
4831	#FFFFFF	51
4832	#FFFFFF	51
4833	#FFFFFF	51
4834	#FFFFFF	51
4835	#FFFFFF	155
4836	#FFFFFF	155
4837	#FFFFFF	155
4838	#FFFFFF	577
4839	#FFFFFF	155
4840	#FFFFFF	155
4841	#FFFFFF	577
4842	#FFFFFF	577
4843	#FFFFFF	577
4844	#FFFFFF	51
4845	#FFFFFF	51
4846	#FFFFFF	51
4847	#FFFFFF	51
4848	#FFFFFF	51
4850	#FFFFFF	51
4851	#FFFFFF	51
4852	#FFFFFF	51
4853	#FFFFFF	51
4854	#FFFFFF	51
4855	#FFFFFF	51
4856	#FFFFFF	51
4857	#FFFFFF	51
4858	#FFFFFF	51
4859	#FFFFFF	51
4860	#FFFFFF	51
4861	#FFFFFF	51
4862	#FFFFFF	51
4863	#FFFFFF	51
4864	#FFFFFF	51
4865	#FFFFFF	51
4866	#FFFFFF	51
4867	#FFFFFF	51
4868	#FFFFFF	51
4869	#FFFFFF	51
4870	#FFFFFF	51
4871	#FFFFFF	51
4872	#FFFFFF	51
4873	#FFFFFF	51
4874	#FFFFFF	51
4875	#FFFFFF	51
4876	#FFFFFF	51
4877	#FFFFFF	51
4878	#FFFFFF	51
4879	#FFFFFF	51
4880	#FFFFFF	51
4881	#FFFFFF	51
4882	#FFFFFF	51
4883	#FFFFFF	155
4884	#FFFFFF	51
4885	#FFFFFF	155
4886	#FFFFFF	155
4887	#FFFFFF	577
4888	#FFFFFF	577
4889	#FFFFFF	155
4890	#FFFFFF	155
4891	#FFFFFF	155
4892	#FFFFFF	577
4893	#FFFFFF	577
4895	#FFFFFF	51
4896	#FFFFFF	51
4897	#FFFFFF	51
4898	#FFFFFF	51
4899	#FFFFFF	51
4900	#FFFFFF	51
4901	#FFFFFF	51
4902	#FFFFFF	51
4903	#FFFFFF	51
4904	#FFFFFF	51
4905	#FFFFFF	51
4906	#FFFFFF	51
4907	#FFFFFF	51
4908	#FFFFFF	51
4909	#FFFFFF	51
4910	#FFFFFF	51
4911	#FFFFFF	51
4912	#FFFFFF	51
4913	#FFFFFF	51
4914	#FFFFFF	51
4915	#FFFFFF	51
4916	#FFFFFF	51
4917	#FFFFFF	51
4918	#FFFFFF	51
4919	#FFFFFF	51
4920	#FFFFFF	51
4921	#FFFFFF	51
4922	#FFFFFF	51
4923	#FFFFFF	51
4924	#FFFFFF	51
4925	#FFFFFF	51
4926	#FFFFFF	51
4927	#FFFFFF	51
4928	#FFFFFF	51
4929	#FFFFFF	51
4930	#FFFFFF	51
4931	#FFFFFF	51
4932	#FFFFFF	577
4933	#FFFFFF	51
4934	#FFFFFF	155
4935	#FFFFFF	51
4936	#FFFFFF	155
4937	#FFFFFF	577
4938	#FFFFFF	577
4939	#FFFFFF	155
4940	#FFFFFF	155
4941	#FFFFFF	155
4942	#FFFFFF	155
4943	#FFFFFF	577
4944	#FFFFFF	577
4945	#FFFFFF	51
4946	#FFFFFF	51
4947	#FFFFFF	51
4948	#FFFFFF	51
4949	#FFFFFF	51
4951	#FFFFFF	51
4952	#FFFFFF	51
4953	#FFFFFF	51
4954	#FFFFFF	51
4955	#FFFFFF	51
4956	#FFFFFF	51
4957	#FFFFFF	51
4958	#FFFFFF	51
4959	#FFFFFF	51
4960	#FFFFFF	51
4961	#FFFFFF	51
4962	#FFFFFF	51
4963	#FFFFFF	51
4964	#FFFFFF	51
4965	#FFFFFF	51
4966	#FFFFFF	51
4967	#FFFFFF	51
4968	#FFFFFF	51
4969	#FFFFFF	51
4970	#FFFFFF	51
4971	#FFFFFF	51
4972	#FFFFFF	51
4973	#FFFFFF	51
4974	#FFFFFF	51
4975	#FFFFFF	51
4976	#FFFFFF	51
4977	#FFFFFF	51
4978	#FFFFFF	51
4979	#FFFFFF	51
4980	#FFFFFF	51
4981	#FFFFFF	51
4982	#FFFFFF	577
4983	#FFFFFF	51
4984	#FFFFFF	155
4985	#FFFFFF	51
4986	#FFFFFF	577
4987	#FFFFFF	577
4988	#FFFFFF	577
4989	#FFFFFF	577
4990	#FFFFFF	155
4991	#FFFFFF	577
4992	#FFFFFF	155
4993	#FFFFFF	577
4994	#FFFFFF	577
4996	#FFFFFF	51
4997	#FFFFFF	51
4998	#FFFFFF	51
4999	#FFFFFF	51
5000	#FFFFFF	51
5001	#FFFFFF	51
5002	#FFFFFF	51
5003	#FFFFFF	51
5004	#FFFFFF	51
5005	#FFFFFF	51
5006	#FFFFFF	51
5007	#FFFFFF	51
5008	#FFFFFF	51
5009	#FFFFFF	51
5010	#FFFFFF	51
5011	#FFFFFF	51
5012	#FFFFFF	51
5013	#FFFFFF	51
5014	#FFFFFF	51
5015	#FFFFFF	51
5016	#FFFFFF	51
5017	#FFFFFF	51
5018	#FFFFFF	51
5019	#FFFFFF	51
5020	#FFFFFF	51
5021	#FFFFFF	51
5022	#FFFFFF	51
5023	#FFFFFF	51
5024	#FFFFFF	51
5025	#FFFFFF	51
5026	#FFFFFF	51
5027	#FFFFFF	51
5028	#FFFFFF	51
5029	#FFFFFF	51
5030	#FFFFFF	51
5031	#FFFFFF	51
5032	#FFFFFF	577
5033	#FFFFFF	51
5034	#FFFFFF	51
5035	#FFFFFF	155
5036	#FFFFFF	51
5037	#FFFFFF	577
5038	#FFFFFF	577
5039	#FFFFFF	577
5040	#FFFFFF	155
5041	#FFFFFF	577
5042	#FFFFFF	155
5043	#FFFFFF	577
5044	#FFFFFF	577
5045	#FFFFFF	577
5046	#FFFFFF	51
5047	#FFFFFF	51
5048	#FFFFFF	51
5049	#FFFFFF	51
5050	#FFFFFF	51
5052	#FFFFFF	51
5053	#FFFFFF	51
5054	#FFFFFF	51
5055	#FFFFFF	51
5056	#FFFFFF	51
5057	#FFFFFF	51
5058	#FFFFFF	51
5059	#FFFFFF	51
5060	#FFFFFF	51
5061	#FFFFFF	51
5062	#FFFFFF	51
5063	#FFFFFF	51
5064	#FFFFFF	51
5065	#FFFFFF	51
5066	#FFFFFF	51
5067	#FFFFFF	51
5068	#FFFFFF	51
5069	#FFFFFF	51
5070	#FFFFFF	51
5071	#FFFFFF	51
5072	#FFFFFF	51
5073	#FFFFFF	51
5074	#FFFFFF	51
5075	#FFFFFF	51
5076	#FFFFFF	51
5077	#FFFFFF	51
5078	#FFFFFF	51
5079	#FFFFFF	51
5080	#FFFFFF	51
5081	#FFFFFF	51
5082	#FFFFFF	577
5083	#FFFFFF	577
5084	#FFFFFF	51
5085	#FFFFFF	51
5086	#FFFFFF	51
5087	#FFFFFF	577
5088	#FFFFFF	577
5089	#FFFFFF	577
5090	#FFFFFF	155
5091	#FFFFFF	577
5092	#FFFFFF	577
5093	#FFFFFF	155
5094	#FFFFFF	577
5095	#FFFFFF	577
5097	#FFFFFF	51
5098	#FFFFFF	51
5099	#FFFFFF	51
5100	#FFFFFF	51
5101	#FFFFFF	51
