group	x	y	showSelected1
1	25480	24	108
1	25480	24	90
1	25480	24	59
1	25480	24	552
2	25530	24	108
2	25530	24	59
2	25530	24	503
2	25530	24	552
2	25530	24	58
2	25530	24	843
3	25530	74	108
3	25530	74	504
3	25530	74	503
6	25580	74	504
6	25580	74	202
6	25580	74	108
6	25580	74	503
6	25580	74	904
6	25580	74	100
6	25580	74	77
5	25580	124	504
5	25580	124	904
5	25580	124	848
5	25580	124	202
5	25580	124	100
8	25630	124	848
8	25630	124	100
8	25630	124	286
8	25630	124	892
8	25630	124	904
8	25630	124	655
9	25630	174	100
9	25630	174	286
9	25630	174	892
9	25630	174	349
13	25680	174	349
13	25680	174	62
13	25680	174	892
13	25680	174	267
14	25680	224	349
14	25680	224	62
14	25680	224	279
19	25730	224	279
19	25730	224	558
19	25730	224	62
19	25730	224	178
19	25730	224	816
20	25730	274	279
20	25730	274	558
20	25730	274	17
20	25730	274	347
26	25780	274	17
26	25780	274	347
26	25780	274	279
26	25780	274	39
26	25780	274	62
27	25780	324	17
27	25780	324	39
34	25830	324	39
34	25830	324	530
34	25830	324	79
34	25830	324	17
34	25830	324	631
35	25830	374	39
35	25830	374	530
35	25830	374	462
35	25830	374	447
35	25830	374	79
43	25880	374	447
43	25880	374	462
43	25880	374	79
43	25880	374	172
44	25880	424	447
44	25880	424	149
44	25880	424	462
53	25930	424	149
53	25930	424	447
53	25930	424	462
53	25930	424	189
53	25930	424	172
53	25930	424	213
54	25930	474	149
54	25930	474	489
54	25930	474	189
64	25980	474	489
64	25980	474	189
64	25980	474	149
64	25980	474	734
64	25980	474	617
66	25980	524	489
66	25980	524	189
66	25980	524	24
77	26030	524	24
77	26030	524	707
77	26030	524	390
77	26030	524	15
77	26030	524	189
77	26030	524	280
78	26030	574	24
78	26030	574	707
78	26030	574	115
78	26030	574	592
78	26030	574	15
90	26080	574	24
90	26080	574	115
90	26080	574	264
90	26080	574	931
90	26080	574	15
90	26080	574	96
90	26080	574	831
91	26080	624	24
91	26080	624	264
91	26080	624	397
91	26080	624	96
104	26130	624	24
104	26130	624	793
104	26130	624	714
104	26130	624	397
104	26130	624	96
104	26130	624	264
104	26130	624	115
105	26130	674	793
105	26130	674	714
105	26130	674	387
105	26130	674	144
105	26130	674	397
119	26180	674	387
119	26180	674	144
119	26180	674	56
119	26180	674	793
119	26180	674	397
119	26180	674	584
119	26180	674	784
119	26180	674	195
120	26180	724	387
120	26180	724	56
120	26180	724	584
120	26180	724	144
135	26230	724	56
135	26230	724	482
135	26230	724	219
135	26230	724	85
136	26230	774	56
136	26230	774	482
136	26230	774	85
152	26280	774	85
152	26280	774	330
152	26280	774	438
152	26280	774	352
153	26280	824	330
153	26280	824	85
153	26280	824	438
153	26280	824	305
170	26330	824	85
170	26330	824	607
170	26330	824	305
170	26330	824	9
170	26330	824	338
171	26330	874	85
171	26330	874	209
171	26330	874	607
171	26330	874	9
171	26330	874	338
189	26380	874	209
189	26380	874	901
189	26380	874	9
189	26380	874	82
189	26380	874	338
190	26380	924	209
190	26380	924	637
190	26380	924	82
190	26380	924	901
209	26430	924	82
209	26430	924	209
209	26430	924	637
209	26430	924	799
209	26430	924	732
209	26430	924	27
210	26430	974	82
210	26430	974	551
210	26430	974	799
210	26430	974	400
210	26430	974	801
231	26480	974	551
231	26480	974	400
231	26480	974	801
231	26480	974	799
231	26480	974	35
231	26480	974	82
231	26480	974	475
231	26480	974	181
231	26480	974	281
213	26480	1024	551
213	26480	1024	35
213	26480	1024	117
213	26480	1024	632
213	26480	1024	400
213	26480	1024	69
234	26530	1024	632
234	26530	1024	69
234	26530	1024	181
234	26530	1024	35
234	26530	1024	308
234	26530	1024	1
234	26530	1024	796
234	26530	1024	711
234	26530	1024	251
235	26530	1074	632
235	26530	1074	181
235	26530	1074	1
235	26530	1074	308
257	26580	1074	1
257	26580	1074	713
257	26580	1074	721
257	26580	1074	308
257	26580	1074	181
257	26580	1074	4
257	26580	1074	134
258	26580	1124	1
258	26580	1124	360
258	26580	1124	4
281	26630	1124	1
281	26630	1124	360
281	26630	1124	392
281	26630	1124	4
282	26630	1174	1
282	26630	1174	392
282	26630	1174	785
306	26680	1174	785
306	26680	1174	878
306	26680	1174	392
306	26680	1174	10
306	26680	1174	1
306	26680	1174	446
306	26680	1174	844
306	26680	1174	157
306	26680	1174	821
307	26680	1224	878
307	26680	1224	10
307	26680	1224	1
4	25580	24	503
4	25580	24	108
4	25580	24	58
4	25580	24	202
4	25580	24	77
4	25580	24	494
4	25580	24	540
4	25580	24	555
4	25580	24	455
4	25580	24	854
12	25680	124	892
12	25680	124	100
12	25680	124	62
12	25680	124	655
12	25680	124	267
12	25680	124	225
25	25780	224	279
25	25780	224	347
25	25780	224	178
25	25780	224	816
25	25780	224	62
25	25780	224	835
42	25880	324	79
42	25880	324	462
42	25880	324	631
42	25880	324	684
42	25880	324	172
42	25880	324	80
42	25880	324	405
42	25880	324	476
63	25980	424	149
63	25980	424	189
63	25980	424	734
63	25980	424	617
63	25980	424	213
63	25980	424	276
89	26080	524	15
89	26080	524	24
89	26080	524	931
89	26080	524	115
89	26080	524	831
89	26080	524	521
89	26080	524	922
89	26080	524	280
118	26180	624	397
118	26180	624	144
118	26180	624	195
118	26180	624	519
118	26180	624	115
118	26180	624	290
118	26180	624	795
151	26280	724	85
151	26280	724	482
151	26280	724	219
151	26280	724	27
151	26280	724	78
151	26280	724	861
188	26380	824	9
188	26380	824	338
188	26380	824	85
188	26380	824	209
188	26380	824	93
188	26380	824	27
230	26480	924	82
230	26480	924	799
230	26480	924	801
230	26480	924	475
230	26480	924	732
230	26480	924	281
230	26480	924	27
230	26480	924	441
256	26580	1024	1
256	26580	1024	308
256	26580	1024	181
256	26580	1024	4
256	26580	1024	796
256	26580	1024	134
256	26580	1024	251
256	26580	1024	498
305	26680	1124	1
305	26680	1124	739
305	26680	1124	821
305	26680	1124	469
305	26680	1124	157
305	26680	1124	446
305	26680	1124	153
10	25630	74	904
10	25630	74	100
10	25630	74	202
10	25630	74	108
10	25630	74	77
10	25630	74	345
10	25630	74	225
10	25630	74	854
18	25730	174	62
18	25730	174	178
18	25730	174	867
33	25830	274	39
33	25830	274	17
33	25830	274	347
33	25830	274	631
33	25830	274	79
33	25830	274	62
33	25830	274	842
33	25830	274	133
52	25930	374	447
52	25930	374	462
52	25930	374	172
52	25930	374	149
52	25930	374	213
52	25930	374	47
52	25930	374	151
52	25930	374	767
75	26030	474	189
75	26030	474	24
75	26030	474	390
75	26030	474	280
75	26030	474	617
75	26030	474	731
103	26130	574	96
103	26130	574	264
103	26130	574	24
103	26130	574	397
103	26130	574	115
103	26130	574	519
103	26130	574	656
103	26130	574	226
134	26230	674	56
134	26230	674	219
134	26230	674	784
134	26230	674	195
134	26230	674	78
169	26330	774	85
169	26330	774	9
169	26330	774	757
169	26330	774	27
169	26330	774	93
208	26430	874	82
208	26430	874	209
208	26430	874	52
208	26430	874	27
253	26530	974	35
253	26530	974	601
253	26530	974	749
253	26530	974	69
253	26530	974	181
253	26530	974	251
253	26530	974	281
253	26530	974	235
253	26530	974	410
280	26630	1074	1
280	26630	1074	4
280	26630	1074	273
280	26630	1074	134
280	26630	1074	109
280	26630	1074	677
331	26730	1174	446
331	26730	1174	157
331	26730	1174	821
331	26730	1174	870
7	25630	24	77
7	25630	24	202
7	25630	24	345
7	25630	24	378
7	25630	24	854
7	25630	24	108
7	25630	24	775
7	25630	24	294
15	25680	74	100
15	25680	74	655
15	25680	74	225
15	25680	74	854
15	25680	74	267
15	25680	74	294
17	25730	124	62
17	25730	124	267
17	25730	124	595
17	25730	124	225
17	25730	124	930
24	25780	174	62
24	25780	174	178
24	25780	174	867
24	25780	174	536
24	25780	174	225
32	25830	224	62
32	25830	224	17
32	25830	224	347
32	25830	224	835
32	25830	224	178
32	25830	224	705
41	25880	274	842
41	25880	274	79
41	25880	274	631
41	25880	274	133
41	25880	274	405
41	25880	274	62
41	25880	274	80
51	25930	324	172
51	25930	324	462
51	25930	324	47
51	25930	324	80
51	25930	324	476
51	25930	324	151
51	25930	324	809
51	25930	324	12
62	25980	374	213
62	25980	374	149
62	25980	374	151
62	25980	374	767
62	25980	374	276
62	25980	374	818
62	25980	374	820
74	26030	424	189
74	26030	424	149
74	26030	424	731
74	26030	424	276
74	26030	424	24
74	26030	424	309
74	26030	424	75
87	26080	474	280
87	26080	474	24
87	26080	474	922
87	26080	474	189
87	26080	474	715
102	26130	524	115
102	26130	524	15
102	26130	524	922
102	26130	524	24
102	26130	524	226
102	26130	524	810
102	26130	524	161
102	26130	524	906
102	26130	524	237
117	26180	574	115
117	26180	574	397
117	26180	574	519
117	26180	574	195
117	26180	574	656
117	26180	574	226
117	26180	574	770
117	26180	574	161
133	26230	624	195
133	26230	624	290
133	26230	624	78
133	26230	624	795
133	26230	624	295
133	26230	624	396
150	26280	674	219
150	26280	674	78
150	26280	674	27
150	26280	674	91
168	26330	724	85
168	26330	724	27
168	26330	724	757
168	26330	724	861
168	26330	724	91
187	26380	774	9
187	26380	774	93
187	26380	774	27
187	26380	774	807
187	26380	774	543
207	26430	824	209
207	26430	824	52
207	26430	824	93
207	26430	824	27
207	26430	824	441
207	26430	824	458
229	26480	874	27
229	26480	874	82
229	26480	874	441
229	26480	874	475
229	26480	874	881
229	26480	874	882
229	26480	874	351
252	26530	924	281
252	26530	924	181
252	26530	924	475
252	26530	924	441
252	26530	924	410
252	26530	924	284
252	26530	924	754
252	26530	924	789
276	26580	974	251
276	26580	974	57
276	26580	974	235
276	26580	974	181
276	26580	974	4
276	26580	974	410
276	26580	974	210
276	26580	974	134
279	26630	1024	134
279	26630	1024	4
279	26630	1024	109
279	26630	1024	677
279	26630	1024	273
279	26630	1024	251
279	26630	1024	772
279	26630	1024	841
304	26680	1074	1
304	26680	1074	4
304	26680	1074	273
304	26680	1074	134
304	26680	1074	446
304	26680	1074	46
304	26680	1074	109
304	26680	1074	644
304	26680	1074	125
330	26730	1124	821
330	26730	1124	157
330	26730	1124	446
330	26730	1124	469
330	26730	1124	153
330	26730	1124	870
330	26730	1124	1
330	26730	1124	188
11	25680	24	854
11	25680	24	225
11	25680	24	294
11	25680	24	621
11	25680	24	472
23	25780	124	62
23	25780	124	225
23	25780	124	595
23	25780	124	536
23	25780	124	429
40	25880	224	62
40	25880	224	133
40	25880	224	705
40	25880	224	79
40	25880	224	66
40	25880	224	665
61	25980	324	151
61	25980	324	47
61	25980	324	818
61	25980	324	80
61	25980	324	820
61	25980	324	12
61	25980	324	819
61	25980	324	369
86	26080	424	189
86	26080	424	24
86	26080	424	309
86	26080	424	75
86	26080	424	8
86	26080	424	276
86	26080	424	156
116	26180	524	226
116	26180	524	161
116	26180	524	15
116	26180	524	770
116	26180	524	237
116	26180	524	195
116	26180	524	937
149	26280	624	78
149	26280	624	27
149	26280	624	295
149	26280	624	195
149	26280	624	451
149	26280	624	915
186	26380	724	27
186	26380	724	934
186	26380	724	93
186	26380	724	91
186	26380	724	543
186	26380	724	935
186	26380	724	936
186	26380	724	229
228	26480	824	441
228	26480	824	27
228	26480	824	458
228	26480	824	755
228	26480	824	247
275	26580	924	410
275	26580	924	181
275	26580	924	235
275	26580	924	57
275	26580	924	284
275	26580	924	210
275	26580	924	268
275	26580	924	529
275	26580	924	639
303	26680	1024	109
303	26680	1024	841
303	26680	1024	273
303	26680	1024	4
303	26680	1024	772
303	26680	1024	644
303	26680	1024	134
303	26680	1024	125
303	26680	1024	18
21	25730	74	267
21	25730	74	225
21	25730	74	930
21	25730	74	595
21	25730	74	791
21	25730	74	294
21	25730	74	389
21	25730	74	553
31	25830	174	62
31	25830	174	347
31	25830	174	536
31	25830	174	705
31	25830	174	225
31	25830	174	507
50	25930	274	80
50	25930	274	476
50	25930	274	405
50	25930	274	809
50	25930	274	79
50	25930	274	12
50	25930	274	66
50	25930	274	624
73	26030	374	276
73	26030	374	151
73	26030	374	75
73	26030	374	865
73	26030	374	820
100	26130	474	24
100	26130	474	922
100	26130	474	810
100	26130	474	906
100	26130	474	715
100	26130	474	15
100	26130	474	8
100	26130	474	733
100	26130	474	156
100	26130	474	846
132	26230	574	195
132	26230	574	396
132	26230	574	295
132	26230	574	237
132	26230	574	451
167	26330	674	27
167	26330	674	91
167	26330	674	664
206	26430	774	93
206	26430	774	27
206	26430	774	458
206	26430	774	755
206	26430	774	543
206	26430	774	169
251	26530	874	441
251	26530	874	475
251	26530	874	181
251	26530	874	284
251	26530	874	351
251	26530	874	754
251	26530	874	27
300	26630	974	251
300	26630	974	4
300	26630	974	134
300	26630	974	57
300	26630	974	210
300	26630	974	580
300	26630	974	268
300	26630	974	394
300	26630	974	109
329	26730	1074	1
329	26730	1074	46
329	26730	1074	188
329	26730	1074	446
329	26730	1074	273
329	26730	1074	109
329	26730	1074	125
329	26730	1074	800
329	26730	1074	18
354	26780	1124	870
354	26780	1124	446
354	26780	1124	188
354	26780	1124	779
354	26780	1124	109
16	25730	24	294
16	25730	24	225
16	25730	24	389
16	25730	24	182
16	25730	24	42
16	25730	24	472
16	25730	24	753
16	25730	24	14
28	25780	74	225
28	25780	74	389
28	25780	74	553
28	25780	74	334
28	25780	74	376
30	25830	124	536
30	25830	124	225
30	25830	124	507
30	25830	124	429
39	25880	174	62
39	25880	174	705
39	25880	174	133
39	25880	174	66
39	25880	174	225
39	25880	174	507
39	25880	174	122
49	25930	224	79
49	25930	224	80
49	25930	224	133
49	25930	224	66
49	25930	224	624
49	25930	224	665
49	25930	224	62
49	25930	224	386
49	25930	224	642
60	25980	274	80
60	25980	274	12
60	25980	274	369
60	25980	274	151
60	25980	274	66
60	25980	274	624
60	25980	274	408
72	26030	324	820
72	26030	324	151
72	26030	324	369
72	26030	324	865
72	26030	324	276
72	26030	324	408
85	26080	374	276
85	26080	374	75
85	26080	374	865
85	26080	374	151
85	26080	374	561
99	26130	424	8
99	26130	424	75
99	26130	424	156
99	26130	424	846
99	26130	424	675
99	26130	424	350
114	26180	474	15
114	26180	474	8
114	26180	474	886
114	26180	474	846
114	26180	474	195
131	26230	524	195
131	26230	524	237
131	26230	524	396
131	26230	524	15
148	26280	574	295
148	26280	574	195
148	26280	574	451
148	26280	574	915
148	26280	574	237
166	26330	624	27
166	26330	624	91
166	26330	624	295
166	26330	624	664
166	26330	624	451
166	26330	624	782
166	26330	624	667
185	26380	674	91
185	26380	674	27
185	26380	674	664
185	26380	674	935
185	26380	674	936
185	26380	674	229
185	26380	674	513
205	26430	724	543
205	26430	724	27
205	26430	724	934
205	26430	724	169
205	26430	724	935
205	26430	724	229
205	26430	724	936
205	26430	724	256
227	26480	774	458
227	26480	774	755
227	26480	774	27
227	26480	774	247
227	26480	774	246
250	26530	824	441
250	26530	824	27
250	26530	824	181
250	26530	824	284
250	26530	824	440
250	26530	824	61
250	26530	824	324
274	26580	874	181
274	26580	874	284
274	26580	874	529
274	26580	874	857
274	26580	874	583
274	26580	874	61
274	26580	874	230
299	26630	924	57
299	26630	924	210
299	26630	924	268
299	26630	924	134
299	26630	924	235
299	26630	924	181
299	26630	924	603
299	26630	924	109
299	26630	924	529
299	26630	924	583
299	26630	924	505
299	26630	924	850
299	26630	924	586
325	26680	974	134
325	26680	974	580
325	26680	974	109
325	26680	974	18
325	26680	974	243
328	26730	1024	125
328	26730	1024	273
328	26730	1024	109
328	26730	1024	18
328	26730	1024	800
328	26730	1024	511
353	26780	1074	446
353	26780	1074	188
353	26780	1074	779
353	26780	1074	109
353	26780	1074	800
353	26780	1074	18
353	26780	1074	612
22	25780	24	389
22	25780	24	553
22	25780	24	753
22	25780	24	334
22	25780	24	376
22	25780	24	14
22	25780	24	294
22	25780	24	225
22	25780	24	544
22	25780	24	146
22	25780	24	701
38	25880	124	507
38	25880	124	225
38	25880	124	122
38	25880	124	619
38	25880	124	66
38	25880	124	666
59	25980	224	66
59	25980	224	624
59	25980	224	80
59	25980	224	642
59	25980	224	408
59	25980	224	327
59	25980	224	425
59	25980	224	212
59	25980	224	493
59	25980	224	288
84	26080	324	151
84	26080	324	561
84	26080	324	276
84	26080	324	425
84	26080	324	75
84	26080	324	126
113	26180	424	846
113	26180	424	8
113	26180	424	15
113	26180	424	675
113	26180	424	195
113	26180	424	156
113	26180	424	401
113	26180	424	423
147	26280	524	237
147	26280	524	195
147	26280	524	67
147	26280	524	261
147	26280	524	593
147	26280	524	179
184	26380	624	91
184	26380	624	513
184	26380	624	782
184	26380	624	667
184	26380	624	229
184	26380	624	295
184	26380	624	365
226	26480	724	27
226	26480	724	169
226	26480	724	256
226	26480	724	246
226	26480	724	229
226	26480	724	625
226	26480	724	192
273	26580	824	284
273	26580	824	181
273	26580	824	61
273	26580	824	324
273	26580	824	230
273	26580	824	442
324	26680	924	134
324	26680	924	109
324	26680	924	505
324	26680	924	373
324	26680	924	243
324	26680	924	586
324	26680	924	583
324	26680	924	850
324	26680	924	196
324	26680	924	823
324	26680	924	227
324	26680	924	293
324	26680	924	325
324	26680	924	565
352	26780	1024	18
352	26780	1024	800
352	26780	1024	109
352	26780	1024	511
352	26780	1024	649
352	26780	1024	137
36	25830	74	225
36	25830	74	385
36	25830	74	376
36	25830	74	769
48	25930	174	62
48	25930	174	66
48	25930	174	386
48	25930	174	122
48	25930	174	271
48	25930	174	212
71	26030	274	369
71	26030	274	80
71	26030	274	408
71	26030	274	151
71	26030	274	425
71	26030	274	333
98	26130	374	75
98	26130	374	350
98	26130	374	156
98	26130	374	276
98	26130	374	8
98	26130	374	303
129	26230	474	15
129	26230	474	195
129	26230	474	363
129	26230	474	401
129	26230	474	261
129	26230	474	523
165	26330	574	451
165	26330	574	295
165	26330	574	195
165	26330	574	667
165	26330	574	67
204	26430	674	936
204	26430	674	229
204	26430	674	169
204	26430	674	625
204	26430	674	317
249	26530	774	27
249	26530	774	716
249	26530	774	246
249	26530	774	440
249	26530	774	61
249	26530	774	324
249	26530	774	223
249	26530	774	780
298	26630	874	529
298	26630	874	181
298	26630	874	857
298	26630	874	583
298	26630	874	850
298	26630	874	230
298	26630	874	61
298	26630	874	581
298	26630	874	116
298	26630	874	822
298	26630	874	683
349	26730	974	109
349	26730	974	18
349	26730	974	325
349	26730	974	243
376	26830	1074	109
376	26830	1074	612
376	26830	1074	250
376	26830	1074	89
376	26830	1074	926
29	25830	24	225
29	25830	24	376
29	25830	24	385
29	25830	24	146
29	25830	24	769
29	25830	24	490
29	25830	24	404
29	25830	24	768
29	25830	24	180
29	25830	24	860
45	25880	74	225
45	25880	74	619
45	25880	74	385
45	25880	74	769
45	25880	74	666
45	25880	74	817
45	25880	74	71
45	25880	74	380
45	25880	74	877
47	25930	124	122
47	25930	124	66
47	25930	124	271
47	25930	124	619
47	25930	124	71
47	25930	124	385
47	25930	124	678
58	25980	174	66
58	25980	174	212
58	25980	174	122
58	25980	174	327
58	25980	174	71
58	25980	174	271
58	25980	174	288
58	25980	174	277
70	26030	224	80
70	26030	224	408
70	26030	224	425
70	26030	224	493
70	26030	224	859
70	26030	224	333
70	26030	224	288
70	26030	224	403
70	26030	224	327
70	26030	224	414
83	26080	274	151
83	26080	274	425
83	26080	274	126
83	26080	274	333
83	26080	274	435
83	26080	274	136
83	26080	274	414
83	26080	274	41
97	26130	324	75
97	26130	324	276
97	26130	324	303
97	26130	324	126
97	26130	324	425
97	26130	324	136
112	26180	374	156
112	26180	374	8
112	26180	374	423
112	26180	374	75
112	26180	374	15
112	26180	374	303
112	26180	374	29
128	26230	424	15
128	26230	424	401
128	26230	424	261
128	26230	424	591
128	26230	424	523
128	26230	424	423
128	26230	424	29
128	26230	424	179
128	26230	424	691
145	26280	474	195
145	26280	474	261
145	26280	474	15
145	26280	474	401
145	26280	474	179
145	26280	474	523
145	26280	474	245
145	26280	474	67
164	26330	524	195
164	26330	524	295
164	26330	524	593
164	26330	524	67
164	26330	524	261
164	26330	524	667
164	26330	524	179
183	26380	574	667
183	26380	574	91
183	26380	574	365
183	26380	574	295
183	26380	574	67
183	26380	574	285
203	26430	624	229
203	26430	624	91
203	26430	624	611
203	26430	624	317
203	26430	624	365
203	26430	624	285
225	26480	674	229
225	26480	674	625
225	26480	674	192
225	26480	674	296
225	26480	674	169
225	26480	674	194
225	26480	674	27
225	26480	674	762
225	26480	674	502
225	26480	674	95
248	26530	724	27
248	26530	724	716
248	26530	724	169
248	26530	724	223
272	26580	774	61
272	26580	774	324
272	26580	774	223
272	26580	774	780
272	26580	774	27
297	26630	824	61
297	26630	824	230
297	26630	824	442
297	26630	824	822
297	26630	824	293
297	26630	824	116
297	26630	824	759
323	26680	874	850
323	26680	874	196
323	26680	874	293
323	26680	874	583
323	26680	874	657
323	26680	874	823
323	26680	874	683
323	26680	874	227
323	26680	874	116
323	26680	874	243
323	26680	874	61
348	26730	924	109
348	26730	924	243
348	26730	924	325
348	26730	924	634
348	26730	924	18
348	26730	924	227
348	26730	924	139
372	26780	974	18
372	26780	974	109
372	26780	974	139
372	26780	974	243
372	26780	974	137
375	26830	1024	109
375	26830	1024	649
375	26830	1024	250
375	26830	1024	89
375	26830	1024	137
375	26830	1024	926
375	26830	1024	853
375	26830	1024	139
375	26830	1024	670
37	25880	24	769
37	25880	24	385
37	25880	24	817
37	25880	24	877
37	25880	24	768
37	25880	24	200
37	25880	24	72
37	25880	24	71
37	25880	24	180
57	25980	124	271
57	25980	124	122
57	25980	124	678
57	25980	124	71
57	25980	124	288
57	25980	124	207
82	26080	224	333
82	26080	224	425
82	26080	224	414
82	26080	224	288
82	26080	224	435
82	26080	224	126
82	26080	224	41
82	26080	224	148
111	26180	324	303
111	26180	324	29
111	26180	324	126
111	26180	324	136
111	26180	324	636
144	26280	424	523
144	26280	424	179
144	26280	424	261
144	26280	424	29
144	26280	424	15
182	26380	524	67
182	26380	524	667
182	26380	524	285
182	26380	524	407
224	26480	624	229
224	26480	624	95
224	26480	624	502
224	26480	624	285
224	26480	624	138
271	26580	724	223
271	26580	724	27
271	26580	724	324
271	26580	724	716
271	26580	724	776
271	26580	724	194
322	26680	824	116
322	26680	824	293
322	26680	824	822
322	26680	824	506
322	26680	824	61
322	26680	824	323
322	26680	824	252
371	26780	924	18
371	26780	924	325
371	26780	924	243
371	26780	924	139
371	26780	924	849
55	25930	74	619
55	25930	74	71
55	25930	74	385
55	25930	74	380
55	25930	74	207
55	25930	74	122
55	25930	74	302
55	25930	74	278
69	26030	174	327
69	26030	174	288
69	26030	174	493
69	26030	174	277
69	26030	174	71
69	26030	174	333
69	26030	174	517
96	26130	274	425
96	26130	274	126
96	26130	274	136
96	26130	274	435
96	26130	274	728
96	26130	274	41
127	26230	374	423
127	26230	374	15
127	26230	374	691
127	26230	374	303
127	26230	374	29
127	26230	374	249
162	26330	474	67
162	26330	474	179
162	26330	474	245
162	26330	474	407
202	26430	574	91
202	26430	574	365
202	26430	574	285
202	26430	574	667
202	26430	574	673
202	26430	574	229
202	26430	574	95
202	26430	574	668
247	26530	674	27
247	26530	674	169
247	26530	674	194
247	26530	674	762
247	26530	674	138
247	26530	674	502
247	26530	674	776
296	26630	774	61
296	26630	774	324
296	26630	774	293
296	26630	774	759
296	26630	774	27
296	26630	774	94
296	26630	774	194
347	26730	874	243
347	26730	874	227
347	26730	874	575
347	26730	874	61
347	26730	874	139
347	26730	874	252
347	26730	874	323
394	26830	974	109
394	26830	974	137
394	26830	974	139
394	26830	974	853
394	26830	974	250
394	26830	974	243
394	26830	974	283
394	26830	974	926
394	26830	974	650
397	26880	1024	670
397	26880	1024	926
397	26880	1024	853
46	25930	24	71
46	25930	24	72
46	25930	24	278
46	25930	24	432
46	25930	24	207
65	25980	74	71
65	25980	74	302
65	25980	74	207
65	25980	74	278
65	25980	74	932
68	26030	124	288
68	26030	124	493
68	26030	124	517
68	26030	124	71
68	26030	124	812
81	26080	174	333
81	26080	174	148
81	26080	174	288
81	26080	174	41
81	26080	174	258
95	26130	224	41
95	26130	224	414
95	26130	224	126
95	26130	224	728
95	26130	224	333
110	26180	274	126
110	26180	274	636
110	26180	274	303
110	26180	274	728
110	26180	274	29
110	26180	274	143
110	26180	274	406
110	26180	274	477
126	26230	324	29
126	26230	324	15
126	26230	324	249
126	26230	324	303
143	26280	374	15
143	26280	374	29
143	26280	374	686
143	26280	374	249
143	26280	374	574
143	26280	374	174
161	26330	424	179
161	26330	424	29
161	26330	424	535
161	26330	424	174
180	26380	474	407
180	26380	474	67
180	26380	474	179
180	26380	474	535
201	26430	524	285
201	26430	524	95
201	26430	524	407
201	26430	524	668
201	26430	524	67
223	26480	574	285
223	26480	574	229
223	26480	574	95
223	26480	574	204
223	26480	574	416
246	26530	624	138
246	26530	624	502
246	26530	624	95
246	26530	624	933
246	26530	624	420
270	26580	674	27
270	26580	674	776
270	26580	674	194
270	26580	674	138
270	26580	674	272
295	26630	724	27
295	26630	724	194
295	26630	724	905
295	26630	724	94
295	26630	724	269
321	26680	774	61
321	26680	774	94
321	26680	774	27
321	26680	774	464
346	26730	824	61
346	26730	824	323
346	26730	824	252
346	26730	824	243
346	26730	824	464
370	26780	874	139
370	26780	874	243
370	26780	874	849
370	26780	874	452
370	26780	874	450
370	26780	874	459
393	26830	924	139
393	26830	924	243
393	26830	924	452
393	26830	924	87
415	26880	974	926
415	26880	974	283
415	26880	974	139
415	26880	974	852
56	25980	24	278
56	25980	24	207
56	25980	24	432
56	25980	24	302
56	25980	24	34
56	25980	24	81
56	25980	24	694
56	25980	24	467
56	25980	24	141
80	26080	124	288
80	26080	124	517
80	26080	124	148
80	26080	124	812
80	26080	124	258
80	26080	124	333
80	26080	124	34
80	26080	124	706
109	26180	224	728
109	26180	224	126
109	26180	224	406
109	26180	224	477
109	26180	224	143
109	26180	224	333
109	26180	224	704
109	26180	224	483
142	26280	324	249
142	26280	324	29
142	26280	324	574
142	26280	324	303
142	26280	324	174
142	26280	324	155
142	26280	324	577
179	26380	424	179
179	26380	424	535
179	26380	424	174
179	26380	424	407
179	26380	424	270
179	26380	424	836
222	26480	524	95
222	26480	524	668
222	26480	524	204
222	26480	524	407
222	26480	524	416
222	26480	524	512
269	26580	624	194
269	26580	624	138
269	26580	624	272
269	26580	624	420
269	26580	624	382
320	26680	724	27
320	26680	724	94
320	26680	724	464
320	26680	724	194
369	26780	824	243
369	26780	824	139
369	26780	824	252
369	26780	824	61
369	26780	824	124
369	26780	824	921
414	26880	924	139
414	26880	924	283
414	26880	924	926
414	26880	924	87
414	26880	924	175
414	26880	924	450
76	26030	74	71
76	26030	74	288
76	26030	74	207
76	26030	74	932
76	26030	74	240
76	26030	74	34
94	26130	174	333
94	26130	174	41
94	26130	174	258
94	26130	174	443
94	26130	174	693
94	26130	174	406
125	26230	274	303
125	26230	274	29
125	26230	274	143
125	26230	274	155
125	26230	274	477
125	26230	274	911
125	26230	274	889
160	26330	374	29
160	26330	374	174
160	26330	374	836
199	26430	474	67
199	26430	474	407
199	26430	474	270
199	26430	474	355
199	26430	474	224
245	26530	574	95
245	26530	574	933
245	26530	574	138
245	26530	574	194
245	26530	574	420
245	26530	574	416
245	26530	574	114
294	26630	674	27
294	26630	674	194
294	26630	674	272
294	26630	674	269
345	26730	774	61
345	26730	774	464
345	26730	774	323
345	26730	774	895
345	26730	774	98
345	26730	774	765
345	26730	774	659
345	26730	774	27
345	26730	774	921
392	26830	874	139
392	26830	874	452
392	26830	874	450
392	26830	874	459
392	26830	874	341
392	26830	874	87
392	26830	874	568
435	26930	974	852
435	26930	974	926
435	26930	974	36
435	26930	974	83
67	26030	24	207
67	26030	24	34
67	26030	24	141
67	26030	24	288
67	26030	24	183
67	26030	24	370
88	26080	74	288
88	26080	74	34
88	26080	74	812
88	26080	74	240
88	26080	74	706
88	26080	74	604
88	26080	74	578
93	26130	124	258
93	26130	124	288
93	26130	124	443
93	26130	124	693
93	26130	124	812
93	26130	124	164
93	26130	124	73
93	26130	124	486
108	26180	174	333
108	26180	174	406
108	26180	174	693
108	26180	174	73
108	26180	174	704
108	26180	174	443
124	26230	224	477
124	26230	224	143
124	26230	224	406
124	26230	224	483
124	26230	224	889
124	26230	224	73
141	26280	274	303
141	26280	274	155
141	26280	274	143
141	26280	274	577
141	26280	274	889
141	26280	274	51
141	26280	274	814
159	26330	324	174
159	26330	324	577
159	26330	324	51
178	26380	374	174
178	26380	374	836
178	26380	374	179
178	26380	374	270
178	26380	374	51
178	26380	374	627
198	26430	424	407
198	26430	424	270
198	26430	424	627
198	26430	424	224
198	26430	424	518
220	26480	474	407
220	26480	474	355
220	26480	474	512
220	26480	474	224
220	26480	474	204
220	26480	474	270
220	26480	474	735
244	26530	524	416
244	26530	524	95
244	26530	524	194
244	26530	524	204
244	26530	524	114
244	26530	524	735
244	26530	524	224
244	26530	524	103
268	26580	574	420
268	26580	574	194
268	26580	574	382
268	26580	574	368
268	26580	574	114
268	26580	574	573
293	26630	624	272
293	26630	624	194
293	26630	624	382
293	26630	624	875
293	26630	624	654
293	26630	624	579
293	26630	624	357
319	26680	674	194
319	26680	674	269
319	26680	674	27
319	26680	674	424
344	26730	724	464
344	26730	724	27
344	26730	724	98
344	26730	724	339
344	26730	724	194
344	26730	724	659
344	26730	724	680
344	26730	724	424
368	26780	774	61
368	26780	774	765
368	26780	774	921
368	26780	774	322
368	26780	774	659
368	26780	774	124
368	26780	774	98
368	26780	774	243
368	26780	774	222
368	26780	774	339
391	26830	824	139
391	26830	824	459
391	26830	824	243
391	26830	824	450
391	26830	824	87
391	26830	824	3
413	26880	874	87
413	26880	874	450
413	26880	874	175
413	26880	874	3
413	26880	874	419
434	26930	924	926
434	26930	924	175
434	26930	924	36
434	26930	924	83
434	26930	924	87
434	26930	924	3
434	26930	924	44
79	26080	24	34
79	26080	24	288
79	26080	24	183
79	26080	24	578
79	26080	24	321
79	26080	24	815
79	26080	24	60
79	26080	24	572
107	26180	124	443
107	26180	124	73
107	26180	124	486
107	26180	124	288
107	26180	124	311
140	26280	224	889
140	26280	224	143
140	26280	224	406
140	26280	224	51
140	26280	224	814
177	26380	324	174
177	26380	324	51
177	26380	324	7
177	26380	324	627
177	26380	324	299
177	26380	324	233
177	26380	324	128
219	26480	424	224
219	26480	424	270
219	26480	424	627
219	26480	424	518
219	26480	424	662
267	26580	524	194
267	26580	524	114
267	26580	524	368
267	26580	524	103
267	26580	524	573
318	26680	624	194
318	26680	624	269
318	26680	624	579
318	26680	624	424
318	26680	624	357
367	26780	724	98
367	26780	724	659
367	26780	724	339
367	26780	724	322
367	26780	724	680
367	26780	724	329
367	26780	724	316
412	26880	824	87
412	26880	824	450
412	26880	824	3
412	26880	824	459
412	26880	824	900
101	26130	74	812
101	26130	74	288
101	26130	74	164
101	26130	74	604
101	26130	74	73
101	26130	74	486
101	26130	74	34
101	26130	74	311
123	26230	174	406
123	26230	174	73
123	26230	174	143
123	26230	174	444
158	26330	274	577
158	26330	274	155
158	26330	274	51
158	26330	274	299
158	26330	274	814
158	26330	274	128
197	26430	374	270
197	26430	374	179
197	26430	374	174
197	26430	374	627
197	26430	374	518
197	26430	374	943
197	26430	374	7
197	26430	374	662
242	26530	474	204
242	26530	474	735
242	26530	474	224
242	26530	474	114
242	26530	474	103
242	26530	474	550
292	26630	574	194
292	26630	574	368
292	26630	574	654
292	26630	574	573
292	26630	574	357
292	26630	574	424
343	26730	674	194
343	26730	674	27
343	26730	674	339
343	26730	674	424
343	26730	674	680
343	26730	674	316
390	26830	774	243
390	26830	774	139
390	26830	774	3
390	26830	774	222
390	26830	774	459
390	26830	774	339
390	26830	774	679
390	26830	774	456
433	26930	874	87
433	26930	874	3
433	26930	874	419
433	26930	874	44
433	26930	874	525
454	26980	924	83
454	26980	924	87
454	26980	924	44
454	26980	924	525
92	26130	24	34
92	26130	24	288
92	26130	24	815
92	26130	24	311
92	26130	24	60
92	26130	24	572
92	26130	24	346
92	26130	24	549
92	26130	24	162
92	26130	24	218
92	26130	24	307
92	26130	24	275
115	26180	74	486
115	26180	74	288
115	26180	74	73
115	26180	74	164
115	26180	74	311
115	26180	74	260
115	26180	74	346
115	26180	74	307
122	26230	124	73
122	26230	124	444
122	26230	124	486
122	26230	124	526
122	26230	124	311
122	26230	124	661
122	26230	124	528
139	26280	174	143
139	26280	174	73
139	26280	174	444
139	26280	174	814
139	26280	174	28
139	26280	174	274
139	26280	174	813
157	26330	224	51
157	26330	224	814
157	26330	224	143
157	26330	224	367
157	26330	224	128
157	26330	224	871
157	26330	224	28
157	26330	224	262
176	26380	274	51
176	26380	274	299
176	26380	274	233
176	26380	274	128
196	26430	324	627
196	26430	324	7
196	26430	324	51
196	26430	324	943
196	26430	324	299
196	26430	324	128
196	26430	324	647
196	26430	324	623
196	26430	324	359
218	26480	374	518
218	26480	374	662
218	26480	374	627
218	26480	374	224
218	26480	374	270
218	26480	374	364
218	26480	374	924
241	26530	424	224
241	26530	424	270
241	26530	424	550
241	26530	424	559
241	26530	424	924
265	26580	474	114
265	26580	474	103
265	26580	474	224
265	26580	474	559
265	26580	474	600
265	26580	474	74
291	26630	524	573
291	26630	524	194
291	26630	524	357
291	26630	524	114
291	26630	524	22
291	26630	524	424
291	26630	524	773
291	26630	524	600
291	26630	524	638
291	26630	524	384
317	26680	574	357
317	26680	574	194
317	26680	574	424
317	26680	574	903
342	26730	624	194
342	26730	624	424
342	26730	624	680
342	26730	624	43
342	26730	624	674
366	26780	674	680
366	26780	674	316
366	26780	674	329
366	26780	674	424
366	26780	674	748
366	26780	674	289
366	26780	674	491
366	26780	674	674
366	26780	674	606
366	26780	674	19
389	26830	724	339
389	26830	724	222
389	26830	724	316
389	26830	724	456
389	26830	724	329
389	26830	724	679
389	26830	724	203
389	26830	724	491
389	26830	724	131
389	26830	724	21
411	26880	774	459
411	26880	774	3
411	26880	774	679
411	26880	774	456
411	26880	774	474
432	26930	824	900
432	26930	824	3
432	26930	824	419
432	26930	824	459
432	26930	824	594
432	26930	824	220
453	26980	874	87
453	26980	874	83
453	26980	874	44
453	26980	874	525
453	26980	874	419
453	26980	874	3
453	26980	874	254
453	26980	874	20
106	26180	24	311
106	26180	24	346
106	26180	24	549
106	26180	24	260
106	26180	24	307
106	26180	24	73
106	26180	24	306
106	26180	24	275
106	26180	24	522
106	26180	24	170
106	26180	24	76
138	26280	124	73
138	26280	124	143
138	26280	124	661
138	26280	124	274
138	26280	124	813
138	26280	124	528
138	26280	124	524
175	26380	224	128
175	26380	224	51
175	26380	224	871
175	26380	224	367
175	26380	224	160
175	26380	224	894
217	26480	324	7
217	26480	324	627
217	26480	324	623
217	26480	324	518
217	26480	324	364
217	26480	324	359
217	26480	324	576
217	26480	324	834
264	26580	424	224
264	26580	424	559
264	26580	424	103
264	26580	424	402
316	26680	524	424
316	26680	524	357
316	26680	524	22
316	26680	524	638
316	26680	524	384
316	26680	524	582
316	26680	524	119
365	26780	624	680
365	26780	624	424
365	26780	624	674
365	26780	624	748
365	26780	624	316
365	26780	624	289
365	26780	624	43
365	26780	624	19
365	26780	624	741
410	26880	724	679
410	26880	724	456
410	26880	724	21
410	26880	724	3
410	26880	724	203
410	26880	724	474
410	26880	724	459
410	26880	724	473
410	26880	724	377
452	26980	824	3
452	26980	824	419
452	26980	824	594
452	26980	824	254
452	26980	824	44
452	26980	824	220
452	26980	824	68
452	26980	824	515
130	26230	74	311
130	26230	74	73
130	26230	74	260
130	26230	74	526
130	26230	74	528
130	26230	74	522
130	26230	74	524
156	26330	174	28
156	26330	174	814
156	26330	174	367
156	26330	174	143
156	26330	174	813
156	26330	174	262
156	26330	174	265
195	26430	274	128
195	26430	274	233
195	26430	274	647
195	26430	274	539
195	26430	274	7
195	26430	274	359
195	26430	274	160
240	26530	374	270
240	26530	374	224
240	26530	374	924
240	26530	374	518
240	26530	374	496
240	26530	374	627
240	26530	374	898
240	26530	374	653
240	26530	374	101
289	26630	474	114
289	26630	474	600
289	26630	474	559
289	26630	474	22
289	26630	474	74
289	26630	474	384
341	26730	574	424
341	26730	574	194
341	26730	574	43
341	26730	574	903
341	26730	574	669
341	26730	574	292
388	26830	674	316
388	26830	674	329
388	26830	674	491
388	26830	674	606
388	26830	674	131
388	26830	674	289
388	26830	674	566
388	26830	674	203
388	26830	674	19
388	26830	674	142
388	26830	674	838
431	26930	774	3
431	26930	774	459
431	26930	774	474
431	26930	774	571
431	26930	774	220
431	26930	774	377
431	26930	774	68
431	26930	774	651
431	26930	774	328
431	26930	774	413
472	27030	874	20
472	27030	874	525
472	27030	874	44
121	26230	24	73
121	26230	24	522
121	26230	24	307
121	26230	24	76
121	26230	24	49
121	26230	24	585
146	26280	74	528
146	26280	74	73
146	26280	74	524
146	26280	74	381
146	26280	74	28
146	26280	74	49
155	26330	124	143
155	26330	124	28
155	26330	124	73
155	26330	124	265
155	26330	124	778
174	26380	174	367
174	26380	174	262
174	26380	174	894
174	26380	174	265
174	26380	174	28
174	26380	174	160
194	26430	224	128
194	26430	224	160
194	26430	224	359
194	26430	224	367
194	26430	224	262
194	26430	224	232
216	26480	274	359
216	26480	274	7
216	26480	274	128
216	26480	274	834
216	26480	274	576
216	26480	274	567
216	26480	274	232
239	26530	324	627
239	26530	324	518
239	26530	324	7
239	26530	324	224
239	26530	324	496
239	26530	324	101
239	26530	324	736
239	26530	324	834
263	26580	374	224
263	26580	374	653
263	26580	374	559
263	26580	374	898
263	26580	374	101
263	26580	374	402
263	26580	374	257
263	26580	374	198
288	26630	424	559
288	26630	424	74
288	26630	424	402
288	26630	424	114
288	26630	424	257
314	26680	474	384
314	26680	474	22
314	26680	474	114
314	26680	474	383
314	26680	474	119
314	26680	474	597
314	26680	474	63
314	26680	474	257
314	26680	474	300
314	26680	474	337
340	26730	524	424
340	26730	524	582
340	26730	524	119
340	26730	524	22
340	26730	524	43
340	26730	524	669
340	26730	524	292
340	26730	524	176
364	26780	574	424
364	26780	574	43
364	26780	574	292
364	26780	574	635
387	26830	624	19
387	26830	624	142
387	26830	624	316
387	26830	624	43
387	26830	624	491
387	26830	624	6
387	26830	624	206
387	26830	624	596
409	26880	674	203
409	26880	674	131
409	26880	674	21
409	26880	674	491
409	26880	674	142
409	26880	674	3
409	26880	674	687
409	26880	674	113
430	26930	724	3
430	26930	724	474
430	26930	724	377
430	26930	724	651
430	26930	724	328
430	26930	724	68
430	26930	724	413
430	26930	724	110
451	26980	774	220
451	26980	774	3
451	26980	774	68
451	26980	774	328
451	26980	774	413
451	26980	774	920
451	26980	774	44
471	27030	824	44
471	27030	824	20
471	27030	824	68
471	27030	824	515
471	27030	824	525
471	27030	824	11
471	27030	824	191
137	26280	24	73
137	26280	24	524
137	26280	24	381
137	26280	24	49
137	26280	24	28
137	26280	24	234
137	26280	24	336
173	26380	124	28
173	26380	124	265
173	26380	124	143
215	26480	224	359
215	26480	224	834
215	26480	224	232
215	26480	224	262
262	26580	324	101
262	26580	324	198
262	26580	324	736
262	26580	324	257
262	26580	324	45
313	26680	424	114
313	26680	424	597
313	26680	424	74
313	26680	424	337
313	26680	424	257
363	26780	524	292
363	26780	524	43
363	26780	524	424
363	26780	524	119
363	26780	524	176
363	26780	524	121
363	26780	524	825
408	26880	624	142
408	26880	624	6
408	26880	624	113
408	26880	624	206
408	26880	624	596
450	26980	724	413
450	26980	724	68
450	26980	724	3
450	26980	724	920
450	26980	724	44
450	26980	724	110
163	26330	74	73
163	26330	74	28
163	26330	74	143
163	26330	74	381
163	26330	74	445
193	26430	174	367
193	26430	174	160
193	26430	174	262
193	26430	174	28
193	26430	174	896
193	26430	174	899
238	26530	274	7
238	26530	274	834
238	26530	274	232
238	26530	274	101
238	26530	274	567
287	26630	374	402
287	26630	374	74
287	26630	374	257
287	26630	374	629
287	26630	374	198
287	26630	374	763
338	26730	474	119
338	26730	474	22
338	26730	474	147
338	26730	474	63
338	26730	474	383
338	26730	474	176
338	26730	474	257
338	26730	474	300
386	26830	574	43
386	26830	574	142
386	26830	574	635
386	26830	574	596
386	26830	574	121
386	26830	574	828
386	26830	574	206
429	26930	674	3
429	26930	674	687
429	26930	674	142
429	26930	674	110
429	26930	674	113
470	27030	774	68
470	27030	774	44
470	27030	774	888
470	27030	774	11
489	27080	824	11
489	27080	824	191
489	27080	824	44
154	26330	24	28
154	26330	24	381
154	26330	24	336
154	26330	24	445
154	26330	24	939
154	26330	24	304
154	26330	24	845
154	26330	24	548
154	26330	24	320
154	26330	24	426
154	26330	24	319
154	26330	24	806
181	26380	74	28
181	26380	74	143
181	26380	74	445
181	26380	74	165
192	26430	124	28
192	26430	124	262
192	26430	124	896
192	26430	124	899
192	26430	124	165
192	26430	124	30
214	26480	174	262
214	26480	174	899
214	26480	174	232
214	26480	174	13
214	26480	174	30
237	26530	224	232
237	26530	224	834
237	26530	224	262
237	26530	224	198
237	26530	224	613
261	26580	274	101
261	26580	274	834
261	26580	274	45
261	26580	274	198
261	26580	274	232
286	26630	324	198
286	26630	324	257
286	26630	324	763
286	26630	324	461
286	26630	324	760
312	26680	374	257
312	26680	374	74
312	26680	374	763
312	26680	374	461
337	26730	424	257
337	26730	424	63
337	26730	424	597
337	26730	424	337
337	26730	424	74
337	26730	424	147
337	26730	424	873
361	26780	474	176
361	26780	474	292
361	26780	474	119
361	26780	474	910
361	26780	474	147
361	26780	474	43
361	26780	474	63
361	26780	474	168
361	26780	474	671
385	26830	524	43
385	26830	524	121
385	26830	524	206
385	26830	524	215
407	26880	574	596
407	26880	574	142
407	26880	574	206
407	26880	574	6
407	26880	574	113
407	26880	574	826
407	26880	574	485
428	26930	624	142
428	26930	624	113
428	26930	624	6
428	26930	624	110
428	26930	624	48
449	26980	674	110
449	26980	674	3
449	26980	674	68
449	26980	674	113
449	26980	674	646
449	26980	674	11
469	27030	724	44
469	27030	724	68
469	27030	724	888
469	27030	724	11
488	27080	774	44
488	27080	774	11
488	27080	774	191
488	27080	774	563
488	27080	774	104
172	26380	24	28
172	26380	24	445
172	26380	24	548
172	26380	24	165
172	26380	24	319
172	26380	24	806
212	26480	124	262
212	26480	124	899
212	26480	124	30
212	26480	124	13
212	26480	124	165
260	26580	224	232
260	26580	224	834
260	26580	224	198
260	26580	224	45
260	26580	224	613
260	26580	224	13
311	26680	324	763
311	26680	324	461
311	26680	324	257
311	26680	324	760
311	26680	324	99
311	26680	324	208
360	26780	424	63
360	26780	424	147
360	26780	424	176
360	26780	424	168
360	26780	424	808
360	26780	424	873
360	26780	424	120
406	26880	524	206
406	26880	524	121
406	26880	524	215
406	26880	524	485
406	26880	524	129
448	26980	624	113
448	26980	624	110
448	26980	624	48
448	26980	624	11
448	26980	624	433
448	26980	624	259
487	27080	724	44
487	27080	724	11
487	27080	724	191
487	27080	724	468
487	27080	724	104
487	27080	724	239
200	26430	74	28
200	26430	74	165
200	26430	74	899
200	26430	74	484
236	26530	174	232
236	26530	174	262
236	26530	174	198
236	26530	174	13
236	26530	174	30
236	26530	174	613
285	26630	274	101
285	26630	274	198
285	26630	274	257
285	26630	274	45
285	26630	274	461
285	26630	274	208
336	26730	374	257
336	26730	374	74
336	26730	374	63
336	26730	374	199
336	26730	374	461
336	26730	374	335
383	26830	474	43
383	26830	474	121
383	26830	474	176
383	26830	474	215
383	26830	474	168
383	26830	474	487
383	26830	474	120
427	26930	574	113
427	26930	574	6
427	26930	574	206
427	26930	574	485
427	26930	574	391
427	26930	574	48
427	26930	574	129
427	26930	574	259
427	26930	574	925
468	27030	674	68
468	27030	674	646
468	27030	674	11
468	27030	674	912
505	27130	774	191
505	27130	774	563
505	27130	774	11
505	27130	774	104
191	26430	24	165
191	26430	24	484
191	26430	24	28
191	26430	24	266
191	26430	24	774
191	26430	24	132
191	26430	24	827
221	26480	74	165
221	26480	74	899
221	26480	74	30
221	26480	74	484
221	26480	74	132
233	26530	124	30
233	26530	124	13
233	26530	124	484
233	26530	124	531
259	26580	174	613
259	26580	174	198
259	26580	174	13
284	26630	224	198
284	26630	224	45
284	26630	224	697
284	26630	224	208
284	26630	224	13
310	26680	274	257
310	26680	274	461
310	26680	274	208
310	26680	274	99
310	26680	274	832
335	26730	324	257
335	26730	324	461
335	26730	324	99
335	26730	324	199
335	26730	324	208
359	26780	374	63
359	26780	374	873
359	26780	374	335
359	26780	374	808
359	26780	374	120
359	26780	374	199
359	26780	374	916
382	26830	424	168
382	26830	424	176
382	26830	424	120
382	26830	424	215
404	26880	474	215
404	26880	474	121
404	26880	474	129
404	26880	474	487
404	26880	474	176
426	26930	524	485
426	26930	524	129
426	26930	524	6
426	26930	524	186
426	26930	524	840
447	26980	574	48
447	26980	574	259
447	26980	574	6
447	26980	574	433
447	26980	574	925
447	26980	574	663
447	26980	574	840
467	27030	624	11
467	27030	624	113
467	27030	624	616
467	27030	624	912
467	27030	624	48
467	27030	624	738
467	27030	624	663
467	27030	624	788
467	27030	624	228
486	27080	674	11
486	27080	674	468
486	27080	674	239
486	27080	674	738
504	27130	724	104
504	27130	724	11
504	27130	724	563
504	27130	724	239
211	26480	24	484
211	26480	24	165
211	26480	24	132
211	26480	24	266
211	26480	24	827
211	26480	24	30
211	26480	24	872
211	26480	24	722
255	26580	124	13
255	26580	124	531
255	26580	124	648
255	26580	124	508
309	26680	224	208
309	26680	224	697
309	26680	224	13
309	26680	224	185
309	26680	224	832
309	26680	224	231
358	26780	324	199
358	26780	324	335
358	26780	324	99
358	26780	324	248
358	26780	324	208
358	26780	324	120
403	26880	424	215
403	26880	424	176
403	26880	424	120
403	26880	424	129
403	26880	424	487
403	26880	424	547
446	26980	524	6
446	26980	524	925
446	26980	524	129
446	26980	524	840
446	26980	524	259
446	26980	524	851
446	26980	524	186
446	26980	524	372
485	27080	624	738
485	27080	624	11
485	27080	624	228
485	27080	624	415
243	26530	74	30
243	26530	74	484
243	26530	74	13
243	26530	74	132
243	26530	74	508
283	26630	174	198
283	26630	174	697
283	26630	174	13
283	26630	174	648
283	26630	174	185
334	26730	274	99
334	26730	274	208
334	26730	274	832
334	26730	274	335
334	26730	274	185
334	26730	274	488
334	26730	274	698
381	26830	374	120
381	26830	374	916
381	26830	374	335
381	26830	374	702
381	26830	374	457
424	26930	474	129
424	26930	474	186
424	26930	474	215
424	26930	474	487
424	26930	474	756
466	27030	574	48
466	27030	574	259
466	27030	574	663
466	27030	574	11
466	27030	574	228
466	27030	574	788
466	27030	574	840
466	27030	574	837
503	27130	674	239
503	27130	674	11
503	27130	674	738
503	27130	674	228
520	27180	724	104
520	27180	724	563
520	27180	724	11
232	26530	24	132
232	26530	24	30
232	26530	24	640
232	26530	24	266
232	26530	24	866
232	26530	24	287
232	26530	24	891
232	26530	24	740
232	26530	24	331
266	26580	74	13
266	26580	74	508
266	26580	74	30
266	26580	74	641
278	26630	124	13
278	26630	124	648
278	26630	124	847
278	26630	124	326
308	26680	174	13
308	26680	174	697
308	26680	174	208
308	26680	174	185
308	26680	174	231
308	26680	174	712
333	26730	224	208
333	26730	224	185
333	26730	224	698
333	26730	224	231
333	26730	224	745
357	26780	274	335
357	26780	274	208
357	26780	274	488
357	26780	274	248
357	26780	274	185
357	26780	274	421
357	26780	274	177
380	26830	324	120
380	26830	324	335
380	26830	324	248
380	26830	324	421
380	26830	324	495
380	26830	324	908
402	26880	374	120
402	26880	374	547
402	26880	374	702
402	26880	374	457
402	26880	374	129
402	26880	374	186
423	26930	424	487
423	26930	424	129
423	26930	424	186
423	26930	424	756
423	26930	424	120
423	26930	424	244
423	26930	424	436
444	26980	474	129
444	26980	474	186
444	26980	474	758
444	26980	474	372
444	26980	474	756
444	26980	474	537
465	27030	524	259
465	27030	524	840
465	27030	524	228
465	27030	524	837
465	27030	524	129
465	27030	524	913
465	27030	524	372
484	27080	574	228
484	27080	574	415
484	27080	574	837
484	27080	574	761
484	27080	574	105
502	27130	624	738
502	27130	624	11
502	27130	624	239
502	27130	624	228
502	27130	624	833
519	27180	674	11
519	27180	674	228
519	27180	674	104
519	27180	674	315
254	26580	24	30
254	26580	24	508
254	26580	24	640
254	26580	24	641
254	26580	24	331
254	26580	24	159
254	26580	24	538
254	26580	24	570
254	26580	24	633
302	26680	124	13
302	26680	124	185
302	26680	124	231
302	26680	124	847
302	26680	124	712
302	26680	124	326
302	26680	124	719
356	26780	224	185
356	26780	224	208
356	26780	224	745
356	26780	224	231
356	26780	224	177
356	26780	224	514
356	26780	224	786
356	26780	224	64
401	26880	324	120
401	26880	324	457
401	26880	324	495
401	26880	324	421
401	26880	324	907
401	26880	324	688
401	26880	324	201
401	26880	324	37
443	26980	424	756
443	26980	424	186
443	26980	424	244
443	26980	424	758
443	26980	424	372
443	26980	424	436
483	27080	524	228
483	27080	524	837
483	27080	524	105
483	27080	524	372
483	27080	524	193
483	27080	524	428
483	27080	524	672
483	27080	524	743
518	27180	624	228
518	27180	624	11
518	27180	624	833
518	27180	624	104
518	27180	624	348
290	26630	74	13
290	26630	74	641
290	26630	74	847
290	26630	74	326
290	26630	74	30
290	26630	74	211
332	26730	174	231
332	26730	174	185
332	26730	174	718
332	26730	174	745
379	26830	274	248
379	26830	274	421
379	26830	274	908
379	26830	274	208
379	26830	274	201
379	26830	274	37
422	26930	374	129
422	26930	374	186
422	26930	374	120
422	26930	374	436
463	27030	474	129
463	27030	474	372
463	27030	474	537
463	27030	474	913
463	27030	474	758
463	27030	474	628
463	27030	474	422
463	27030	474	313
501	27130	574	228
501	27130	574	761
501	27130	574	348
501	27130	574	833
501	27130	574	645
534	27230	674	104
534	27230	674	315
534	27230	674	412
534	27230	674	11
277	26630	24	641
277	26630	24	30
277	26630	24	211
277	26630	24	869
277	26630	24	217
315	26680	74	326
315	26680	74	847
315	26680	74	231
315	26680	74	211
315	26680	74	166
327	26730	124	231
327	26730	124	712
327	26730	124	745
327	26730	124	719
355	26780	174	231
355	26780	174	745
355	26780	174	514
355	26780	174	177
355	26780	174	941
355	26780	174	938
378	26830	224	177
378	26830	224	208
378	26830	224	64
378	26830	224	421
378	26830	224	37
378	26830	224	786
378	26830	224	514
378	26830	224	107
378	26830	224	454
400	26880	274	201
400	26880	274	421
400	26880	274	37
400	26880	274	495
400	26880	274	298
421	26930	324	120
421	26930	324	688
421	26930	324	186
421	26930	324	37
421	26930	324	201
421	26930	324	436
421	26930	324	909
442	26980	374	436
442	26980	374	186
442	26980	374	120
442	26980	374	244
462	27030	424	372
462	27030	424	758
462	27030	424	186
462	27030	424	537
462	27030	424	244
462	27030	424	628
462	27030	424	422
462	27030	424	313
462	27030	424	746
462	27030	424	291
481	27080	474	372
481	27080	474	537
481	27080	474	743
481	27080	474	313
481	27080	474	428
481	27080	474	193
481	27080	474	422
481	27080	474	672
500	27130	524	228
500	27130	524	645
500	27130	524	348
500	27130	524	193
500	27130	524	672
500	27130	524	236
500	27130	524	605
517	27180	574	228
517	27180	574	833
517	27180	574	348
517	27180	574	703
517	27180	574	140
533	27230	624	104
533	27230	624	11
533	27230	624	412
533	27230	624	348
533	27230	624	315
533	27230	624	228
533	27230	624	398
301	26680	24	211
301	26680	24	166
301	26680	24	326
301	26680	24	30
301	26680	24	884
301	26680	24	771
301	26680	24	301
301	26680	24	55
351	26780	124	745
351	26780	124	938
351	26780	124	231
351	26780	124	33
399	26880	224	421
399	26880	224	37
399	26880	224	454
399	26880	224	717
399	26880	224	64
399	26880	224	107
399	26880	224	298
441	26980	324	120
441	26980	324	436
441	26980	324	37
441	26980	324	244
441	26980	324	885
441	26980	324	541
480	27080	424	422
480	27080	424	313
480	27080	424	372
480	27080	424	193
480	27080	424	291
516	27180	524	348
516	27180	524	228
516	27180	524	605
516	27180	524	703
516	27180	524	236
516	27180	524	140
516	27180	524	798
339	26730	74	231
339	26730	74	719
339	26730	74	326
339	26730	74	727
339	26730	74	745
339	26730	74	166
377	26830	174	177
377	26830	174	514
377	26830	174	107
377	26830	174	64
377	26830	174	938
377	26830	174	231
377	26830	174	421
420	26930	274	201
420	26930	274	37
420	26930	274	436
420	26930	274	298
420	26930	274	909
461	27030	374	244
461	27030	374	372
461	27030	374	436
461	27030	374	746
461	27030	374	291
461	27030	374	542
461	27030	374	747
498	27130	474	672
498	27130	474	193
498	27130	474	428
498	27130	474	236
498	27130	474	214
498	27130	474	313
498	27130	474	418
532	27230	574	228
532	27230	574	348
532	27230	574	398
532	27230	574	140
547	27280	624	315
547	27280	624	398
547	27280	624	140
326	26730	24	326
326	26730	24	166
326	26730	24	695
326	26730	24	231
326	26730	24	38
326	26730	24	310
326	26730	24	55
326	26730	24	33
326	26730	24	805
326	26730	24	643
362	26780	74	745
362	26780	74	231
362	26780	74	727
362	26780	74	16
362	26780	74	33
374	26830	124	231
374	26830	124	938
374	26830	124	514
374	26830	124	107
374	26830	124	33
374	26830	124	685
374	26830	124	40
398	26880	174	64
398	26880	174	421
398	26880	174	107
398	26880	174	37
398	26880	174	556
398	26880	174	685
419	26930	224	298
419	26930	224	37
419	26930	224	107
419	26930	224	158
440	26980	274	436
440	26980	274	244
440	26980	274	37
440	26980	274	541
440	26980	274	297
440	26980	274	107
460	27030	324	244
460	27030	324	436
460	27030	324	541
460	27030	324	542
460	27030	324	26
479	27080	374	291
479	27080	374	747
479	27080	374	244
479	27080	374	313
479	27080	374	193
479	27080	374	542
479	27080	374	374
479	27080	374	356
497	27130	424	193
497	27130	424	313
497	27130	424	418
497	27130	424	214
497	27130	424	356
497	27130	424	724
497	27130	424	723
514	27180	474	236
514	27180	474	348
514	27180	474	214
514	27180	474	798
514	27180	474	725
531	27230	524	140
531	27230	524	348
531	27230	524	839
531	27230	524	798
531	27230	524	2
546	27280	574	398
546	27280	574	140
546	27280	574	315
546	27280	574	348
546	27280	574	839
350	26780	24	231
350	26780	24	326
350	26780	24	695
350	26780	24	33
350	26780	24	16
350	26780	24	166
350	26780	24	340
350	26780	24	709
350	26780	24	811
350	26780	24	478
396	26880	124	107
396	26880	124	685
396	26880	124	54
396	26880	124	40
396	26880	124	231
439	26980	224	37
439	26980	224	158
439	26980	224	107
439	26980	224	244
439	26980	224	297
439	26980	224	564
478	27080	324	542
478	27080	324	244
478	27080	324	374
478	27080	324	26
478	27080	324	291
478	27080	324	375
513	27180	424	214
513	27180	424	418
513	27180	424	724
513	27180	424	193
513	27180	424	917
513	27180	424	236
513	27180	424	723
513	27180	424	725
513	27180	424	140
513	27180	424	244
545	27280	524	140
545	27280	524	839
545	27280	524	2
384	26830	74	33
384	26830	74	231
384	26830	74	107
384	26830	74	40
418	26930	174	107
418	26930	174	897
418	26930	174	556
418	26930	174	158
418	26930	174	54
459	27030	274	541
459	27030	274	436
459	27030	274	244
459	27030	274	26
459	27030	274	107
459	27030	274	297
496	27130	374	193
496	27130	374	356
496	27130	374	291
496	27130	374	244
496	27130	374	724
496	27130	374	723
496	27130	374	492
496	27130	374	864
529	27230	474	798
529	27230	474	348
529	27230	474	236
529	27230	474	140
529	27230	474	214
529	27230	474	725
529	27230	474	2
559	27330	574	315
559	27330	574	839
559	27330	574	140
559	27330	574	608
373	26830	24	33
373	26830	24	16
373	26830	24	231
373	26830	24	478
373	26830	24	824
373	26830	24	111
373	26830	24	890
405	26880	74	40
405	26880	74	231
405	26880	74	107
405	26880	74	729
405	26880	74	33
405	26880	74	54
405	26880	74	602
417	26930	124	107
417	26930	124	54
417	26930	124	411
417	26930	124	40
438	26980	174	158
438	26980	174	107
438	26980	174	564
438	26980	174	54
438	26980	174	26
458	27030	224	297
458	27030	224	107
458	27030	224	26
477	27080	274	26
477	27080	274	244
477	27080	274	107
477	27080	274	375
495	27130	324	291
495	27130	324	244
495	27130	324	864
495	27130	324	173
495	27130	324	492
495	27130	324	375
512	27180	374	723
512	27180	374	724
512	27180	374	244
512	27180	374	492
512	27180	374	864
512	27180	374	140
528	27230	424	214
528	27230	424	725
528	27230	424	140
528	27230	424	2
528	27230	424	244
543	27280	474	2
543	27280	474	140
543	27280	474	205
558	27330	524	140
558	27330	524	839
558	27330	524	608
558	27330	524	315
558	27330	524	205
395	26880	24	231
395	26880	24	111
395	26880	24	40
395	26880	24	33
395	26880	24	599
395	26880	24	463
395	26880	24	590
395	26880	24	720
437	26980	124	54
437	26980	124	40
437	26980	124	411
437	26980	124	107
476	27080	224	26
476	27080	224	107
476	27080	224	375
476	27080	224	862
511	27180	324	864
511	27180	324	244
511	27180	324	173
511	27180	324	868
511	27180	324	106
511	27180	324	135
511	27180	324	470
511	27180	324	876
542	27280	424	2
542	27280	424	140
542	27280	424	205
542	27280	424	244
542	27280	424	587
542	27280	424	241
425	26930	74	54
425	26930	74	40
425	26930	74	411
425	26930	74	602
425	26930	74	118
457	27030	174	107
457	27030	174	26
457	27030	174	40
457	27030	174	862
494	27130	274	375
494	27130	274	26
494	27130	274	244
494	27130	274	173
494	27130	274	106
527	27230	374	244
527	27230	374	140
527	27230	374	787
527	27230	374	135
556	27330	474	140
556	27330	474	839
556	27330	474	893
556	27330	474	205
556	27330	474	2
570	27380	524	315
570	27380	524	205
570	27380	524	497
570	27380	524	140
416	26930	24	40
416	26930	24	602
416	26930	24	118
416	26930	24	463
416	26930	24	411
416	26930	24	744
416	26930	24	282
416	26930	24	918
445	26980	74	411
445	26980	74	40
445	26980	74	354
456	27030	124	107
456	27030	124	40
456	27030	124	26
456	27030	124	354
475	27080	174	26
475	27080	174	862
475	27080	174	375
475	27080	174	40
493	27130	224	375
493	27130	224	26
493	27130	224	879
493	27130	224	106
493	27130	224	197
510	27180	274	173
510	27180	274	106
510	27180	274	690
510	27180	274	876
510	27180	274	375
510	27180	274	470
526	27230	324	244
526	27230	324	135
526	27230	324	470
526	27230	324	876
526	27230	324	106
526	27230	324	167
526	27230	324	430
526	27230	324	942
526	27230	324	241
541	27280	374	140
541	27280	374	244
541	27280	374	2
541	27280	374	135
541	27280	374	241
541	27280	374	587
541	27280	374	167
555	27330	424	205
555	27330	424	2
555	27330	424	140
555	27330	424	241
555	27330	424	466
568	27380	474	205
568	27380	474	140
568	27380	474	2
436	26980	24	411
436	26980	24	40
436	26980	24	282
436	26980	24	463
436	26980	24	797
436	26980	24	354
436	26980	24	569
436	26980	24	742
474	27080	124	26
474	27080	124	40
474	27080	124	354
474	27080	124	242
509	27180	224	375
509	27180	224	106
509	27180	224	470
509	27180	224	197
509	27180	224	460
509	27180	224	127
540	27280	324	244
540	27280	324	167
540	27280	324	430
540	27280	324	942
540	27280	324	241
540	27280	324	863
540	27280	324	855
540	27280	324	427
567	27380	424	2
567	27380	424	205
567	27380	424	466
464	27030	74	40
464	27030	74	354
492	27130	174	375
492	27130	174	26
492	27130	174	40
492	27130	174	197
492	27130	174	453
525	27230	274	106
525	27230	274	876
525	27230	274	470
525	27230	274	173
525	27230	274	940
525	27230	274	167
525	27230	274	241
525	27230	274	460
554	27330	374	241
554	27330	374	2
554	27330	374	466
554	27330	374	244
554	27330	374	923
579	27430	474	2
579	27430	474	205
579	27430	474	501
455	27030	24	40
455	27030	24	354
455	27030	24	463
455	27030	24	560
455	27030	24	752
455	27030	24	929
482	27080	74	354
482	27080	74	40
482	27080	74	730
491	27130	124	26
491	27130	124	40
491	27130	124	197
491	27130	124	242
508	27180	174	197
508	27180	174	375
508	27180	174	106
508	27180	174	453
508	27180	174	127
508	27180	174	588
524	27230	224	470
524	27230	224	460
524	27230	224	167
524	27230	224	127
524	27230	224	375
524	27230	224	750
539	27280	274	241
539	27280	274	167
539	27280	274	427
539	27280	274	855
539	27280	274	244
553	27330	324	241
553	27330	324	244
553	27330	324	2
553	27330	324	863
553	27330	324	427
566	27380	374	466
566	27380	374	2
566	27380	374	923
566	27380	374	241
566	27380	374	927
578	27430	424	2
578	27430	424	205
578	27430	424	501
578	27430	424	466
578	27430	424	241
473	27080	24	354
473	27080	24	730
473	27080	24	344
473	27080	24	560
473	27080	24	463
473	27080	24	610
473	27080	24	829
507	27180	124	197
507	27180	124	453
507	27180	124	40
507	27180	124	588
507	27180	124	883
538	27280	224	167
538	27280	224	470
538	27280	224	241
538	27280	224	127
538	27280	224	431
538	27280	224	658
538	27280	224	692
565	27380	324	241
565	27380	324	2
565	27380	324	589
565	27380	324	216
499	27130	74	40
499	27130	74	242
499	27130	74	354
499	27130	74	197
499	27130	74	588
499	27130	74	154
523	27230	174	375
523	27230	174	127
523	27230	174	197
523	27230	174	750
523	27230	174	588
523	27230	174	167
552	27330	274	427
552	27330	274	244
552	27330	274	241
552	27330	274	692
552	27330	274	216
577	27430	374	2
577	27430	374	241
577	27430	374	927
588	27480	424	2
588	27480	424	682
490	27130	24	354
490	27130	24	463
490	27130	24	242
490	27130	24	344
490	27130	24	154
490	27130	24	399
515	27180	74	197
515	27180	74	588
515	27180	74	242
515	27180	74	154
515	27180	74	388
522	27230	124	588
522	27230	124	197
522	27230	124	453
522	27230	124	883
537	27280	174	127
537	27280	174	167
537	27280	174	197
537	27280	174	588
537	27280	174	431
537	27280	174	353
537	27280	174	154
537	27280	174	92
551	27330	224	241
551	27330	224	692
551	27330	224	167
551	27330	224	216
551	27330	224	431
551	27330	224	480
551	27330	224	152
564	27380	274	241
564	27380	274	216
564	27380	274	362
576	27430	324	241
576	27430	324	2
576	27430	324	216
576	27430	324	902
587	27480	374	2
587	27480	374	241
587	27480	374	682
587	27480	374	145
506	27180	24	154
506	27180	24	242
506	27180	24	388
506	27180	24	463
506	27180	24	399
506	27180	24	465
506	27180	24	562
536	27280	124	197
536	27280	124	588
536	27280	124	883
536	27280	124	353
536	27280	124	154
563	27380	224	241
563	27380	224	216
563	27380	224	167
563	27380	224	152
563	27380	224	480
563	27380	224	362
563	27380	224	439
586	27480	324	2
586	27480	324	241
586	27480	324	216
586	27480	324	366
586	27480	324	902
586	27480	324	534
586	27480	324	86
530	27230	74	588
530	27230	74	242
530	27230	74	883
530	27230	74	154
530	27230	74	388
530	27230	74	409
550	27330	174	431
550	27330	174	167
550	27330	174	197
550	27330	174	154
550	27330	174	32
550	27330	174	92
550	27330	174	480
550	27330	174	353
550	27330	174	216
550	27330	174	25
575	27430	274	216
575	27430	274	241
575	27430	274	362
575	27430	274	902
575	27430	274	86
596	27530	374	2
596	27530	374	682
596	27530	374	145
596	27530	374	622
596	27530	374	241
521	27230	24	388
521	27230	24	154
521	27230	24	465
521	27230	24	409
521	27230	24	874
521	27230	24	562
521	27230	24	545
521	27230	24	804
521	27230	24	620
544	27280	74	883
544	27280	74	588
544	27280	74	154
544	27280	74	409
544	27280	74	197
544	27280	74	358
549	27330	124	353
549	27330	124	92
549	27330	124	197
549	27330	124	154
549	27330	124	32
549	27330	124	557
549	27330	124	660
562	27380	174	480
562	27380	174	216
562	27380	174	167
562	27380	174	439
562	27380	174	25
562	27380	174	32
562	27380	174	152
562	27380	174	557
562	27380	174	781
574	27430	224	362
574	27430	224	216
574	27430	224	241
574	27430	224	379
585	27480	274	902
585	27480	274	241
585	27480	274	86
585	27480	274	534
585	27480	274	366
585	27480	274	379
585	27480	274	928
595	27530	324	241
595	27530	324	145
595	27530	324	366
595	27530	324	534
595	27530	324	86
595	27530	324	533
535	27280	24	409
535	27280	24	804
535	27280	24	358
535	27280	24	465
535	27280	24	70
535	27280	24	520
535	27280	24	154
535	27280	24	449
535	27280	24	130
535	27280	24	598
561	27380	124	32
561	27380	124	557
561	27380	124	25
561	27380	124	154
561	27380	124	216
561	27380	124	660
561	27380	124	781
584	27480	224	241
584	27480	224	379
584	27480	224	86
584	27480	224	499
557	27330	74	154
557	27330	74	197
557	27330	74	130
573	27430	174	216
573	27430	174	25
573	27430	174	241
573	27430	174	434
573	27430	174	781
594	27530	274	86
594	27530	274	534
594	27530	274	241
594	27530	274	928
594	27530	274	5
603	27580	324	241
603	27580	324	533
548	27330	24	154
548	27330	24	130
548	27330	24	358
548	27330	24	465
548	27330	24	598
548	27330	24	25
548	27330	24	794
548	27330	24	481
548	27330	24	615
569	27380	74	154
569	27380	74	660
569	27380	74	130
569	27380	74	25
569	27380	74	557
569	27380	74	726
572	27430	124	25
572	27430	124	630
572	27430	124	434
572	27430	124	557
572	27430	124	150
572	27430	124	618
583	27480	174	241
583	27480	174	434
583	27480	174	25
583	27480	174	499
583	27480	174	150
583	27480	174	856
593	27530	224	86
593	27530	224	241
593	27530	224	5
593	27530	224	499
593	27530	224	332
593	27530	224	150
593	27530	224	312
602	27580	274	241
602	27580	274	5
602	27580	274	533
602	27580	274	53
602	27580	274	332
560	27380	24	154
560	27380	24	130
560	27380	24	25
560	27380	24	726
560	27380	24	794
560	27380	24	777
560	27380	24	880
560	27380	24	97
582	27480	124	25
582	27480	124	434
582	27480	124	150
582	27480	124	689
582	27480	124	802
582	27480	124	618
582	27480	124	858
601	27580	224	5
601	27580	224	332
601	27580	224	150
601	27580	224	312
601	27580	224	53
580	27430	74	25
580	27430	74	557
580	27430	74	630
580	27430	74	130
580	27430	74	618
580	27430	74	527
592	27530	174	241
592	27530	174	86
592	27530	174	499
592	27530	174	150
592	27530	174	312
609	27630	274	53
609	27630	274	241
609	27630	274	5
609	27630	274	318
571	27430	24	130
571	27430	24	25
571	27430	24	97
571	27430	24	527
571	27430	24	253
571	27430	24	700
571	27430	24	783
589	27480	74	618
589	27480	74	150
589	27480	74	25
589	27480	74	689
589	27480	74	527
589	27480	74	858
589	27480	74	342
589	27480	74	102
591	27530	124	150
591	27530	124	312
591	27530	124	858
591	27530	124	509
591	27530	124	102
600	27580	174	150
600	27580	174	312
600	27580	174	53
600	27580	174	509
608	27630	224	5
608	27630	224	312
608	27630	224	53
608	27630	224	318
608	27630	224	919
581	27480	24	527
581	27480	24	25
581	27480	24	700
581	27480	24	342
581	27480	24	23
581	27480	24	102
581	27480	24	253
581	27480	24	97
581	27480	24	783
581	27480	24	150
581	27480	24	187
599	27580	124	150
599	27580	124	509
599	27580	124	53
599	27580	124	312
599	27580	124	102
599	27580	124	652
599	27580	124	676
597	27530	74	858
597	27530	74	150
597	27530	74	471
597	27530	74	102
597	27530	74	342
597	27530	74	171
597	27530	74	790
597	27530	74	792
597	27530	74	343
607	27630	174	53
607	27630	174	312
607	27630	174	609
607	27630	174	737
614	27680	224	919
614	27680	224	318
614	27680	224	53
614	27680	224	417
614	27680	224	516
590	27530	24	102
590	27530	24	150
590	27530	24	696
590	27530	24	23
590	27530	24	792
590	27530	24	343
590	27530	24	88
590	27530	24	708
590	27530	24	163
604	27580	74	102
604	27580	74	150
604	27580	74	53
604	27580	74	171
604	27580	74	652
604	27580	74	790
604	27580	74	343
604	27580	74	676
604	27580	74	23
604	27580	74	123
606	27630	124	53
606	27630	124	312
606	27630	124	676
606	27630	124	448
613	27680	174	53
613	27680	174	417
613	27680	174	887
613	27680	174	516
613	27680	174	737
613	27680	174	609
613	27680	174	112
598	27580	24	343
598	27580	24	792
598	27580	24	23
598	27580	24	171
598	27580	24	123
598	27580	24	708
598	27580	24	263
598	27580	24	163
598	27580	24	84
598	27580	24	751
598	27580	24	614
598	27580	24	914
598	27580	24	238
612	27680	124	53
612	27680	124	609
612	27680	124	448
612	27680	124	417
612	27680	124	554
610	27630	74	676
610	27630	74	53
610	27630	74	652
610	27630	74	171
610	27630	74	448
610	27630	74	123
610	27630	74	50
610	27630	74	830
618	27730	174	887
618	27730	174	417
618	27730	174	112
618	27730	174	681
605	27630	24	171
605	27630	24	123
605	27630	24	23
605	27630	24	830
605	27630	24	50
605	27630	24	255
605	27630	24	238
605	27630	24	699
605	27630	24	479
605	27630	24	184
615	27680	74	53
615	27680	74	448
615	27680	74	50
615	27680	74	393
617	27730	124	417
617	27730	124	53
617	27730	124	681
617	27730	124	554
617	27730	124	764
611	27680	24	50
611	27680	24	448
611	27680	24	699
611	27680	24	123
611	27680	24	184
611	27680	24	803
611	27680	24	190
611	27680	24	65
611	27680	24	31
619	27730	74	53
619	27730	74	393
619	27730	74	764
619	27730	74	50
619	27730	74	190
621	27780	124	53
621	27780	124	766
621	27780	124	764
621	27780	124	50
621	27780	124	371
616	27730	24	50
616	27730	24	53
616	27730	24	190
616	27730	24	395
616	27730	24	31
616	27730	24	546
616	27730	24	221
616	27730	24	361
622	27780	74	53
622	27780	74	764
622	27780	74	766
622	27780	74	50
622	27780	74	190
622	27780	74	371
620	27780	24	190
620	27780	24	221
620	27780	24	50
620	27780	24	710
620	27780	24	532
620	27780	24	626
624	27830	74	371
624	27830	74	50
624	27830	74	510
623	27830	24	50
623	27830	24	532
623	27830	24	510
623	27830	24	437
625	27880	24	510
625	27880	24	50
625	27880	24	314
625	27880	24	500
