x	y	clickSelects
-0.10480099018835	-0.659356588999982	530
-0.0560695886270302	-1.09240133890891	10
-0.0908390351853101	-2.40015742808512	82
0.0661815190484298	-1.22677261510431	82
0.10205632090646	-0.981904851905664	77
-0.0118328473175202	-1.66375673993908	529
-0.11439188702621	-0.482680103949893	389
0.0828404139710601	-2.30403026975998	779
-0.0025525943264002	-0.882369576946369	27
-0.04291977037943	-1.97298466789082	529
0.11818138410446	-0.543486591857937	334
0.11774291640463	-0.808353716226282	780
0.12161960733049	-2.20461541180176	192
-0.0642120908331099	-2.27512834333315	192
-0.10675874169742	-1.48040228062483	192
-0.0961868284433698	-1.39088682788205	212
0.1071549577186	-0.815647105748573	192
0.0834399972387998	-1.03955756387597	192
0.06324413154905	0.0346394769552703	192
0.0682384890457901	0.633969422885182	192
-0.0351243105767001	-1.32106410340355	192
0.00729357673229014	-1.70684212084388	625
0.0968221439895101	-1.03310906032157	192
0.10099808583975	-1.89552840439286	192
-0.0555517165467299	-1.22113135822598	192
0.08867398866933	-0.808485826232397	192
0.12147311009956	-2.14588404139038	89
0.0984774777199502	-0.154055913959498	192
0.0664245484694299	-0.436225416964932	89
0.0872966992552899	-2.10118772458567	89
0.1002258661085	-2.15047415408861	192
0.0828611064080902	-0.851647820012369	212
0.0685819036565598	-2.44447732978917	192
0.0219264253442901	0.818449417917693	212
-0.10786103947336	-2.43029744249417	625
0.0328333453923499	-1.39555063585647	212
0.08584472495204	-1.24648914182869	192
-0.0721813456598999	-1.40234009318772	192
0.04124158447231	-0.196847131578888	192
0.00939444672789991	-1.69238077827971	192
0.10739195675678	-0.976935837727176	89
0.0705558321026798	-2.29959611044485	212
0.0407912230647001	-1.23548006532967	116
-0.10616647141498	-2.49269166737247	227
0.0947369858086899	-0.851816787593652	192
0.0727126917079199	-2.18082355051986	227
0.0788012770650401	-1.25023232148044	89
-0.0839115886086299	-2.38038709750327	116
-0.00204687327783981	-1.61942462589209	192
0.0998767349169198	0.133310570447817	89
0.0202452504211101	-1.49647171581608	212
0.0181579645432999	-1.66464533233015	89
-0.02268618307754	0.0350090306241633	89
0.12487776760152	0.297336167677333	192
0.0414281023560399	-0.492730706745771	822
-0.0692283798703	2.07029976447382	822
0.05487318421343	-2.19175802384959	227
-0.01210906398541	-1.96601682416991	227
-0.00421712789548989	0.420721211930452	227
-0.11939445262679	-1.88306895207551	250
-0.0506837381751399	0.179852219872686	229
-0.0836455956981101	-2.30710145646914	229
0.0893820546458399	-1.09447549523078	192
0.0897740225094799	1.52648394492864	822
0.0792771796206599	-0.971231054808236	227
0.04540380570494	1.02702702241152	227
-0.11691231712272	-1.79004664463328	227
0.0415192945490999	-1.3355756864626	227
-0.12071108368421	0.358608800799006	227
0.0114038391631799	-0.564316931127797	227
0.0417659720758699	-1.39669754151615	325
0.0682561800269599	-0.968778806885359	325
-0.03240479476186	-0.087421894744347	89
0.0695384776084702	-2.26736058196211	89
0.0492078015876598	-1.41791324169636	89
0.11506833346544	-2.05054790227201	296
0.0432362268929301	0.968335604607374	822
-0.03372031199225	-1.02657510602342	227
-0.0754834054178599	-0.315081347161515	89
0.10861641297216	0.172951934163521	89
0.0377518269127699	-0.318799811278986	822
-0.1141740844425	-1.71514276741855	822
0.0448994049556601	-1.42115835943397	683
0.0839098819328301	-2.2601169086401	227
0.0531115269923301	0.946755324882508	227
0.0613850887096401	-2.23973440567655	227
-0.11131476481364	-1.5028492698281	227
0.02458407718703	-1.59229166260028	250
-0.10736160751241	-0.665701569525707	250
0.0766195484618599	-1.09614571911975	822
-0.0898616860712802	-2.30182829714716	822
0.00767165060715991	0.592101900389842	822
0.0607603478912999	-2.24672334449526	250
-0.0795328392005699	-0.445925675121948	89
-0.0846520400460999	-1.20748325368836	250
-0.04610191202968	-2.03193678196153	822
-0.09439289877976	-1.41779808068722	683
-0.0620346387614701	-2.30278303859314	683
0.04776053678779	-1.30359528880726	683
0.10596816639001	-0.980795917172459	227
0.0707586871239601	-2.34371930355175	250
-0.0207579076425399	-2.13661305883048	250
0.00396502009545996	-0.552748552045323	250
0.00829889243741988	-0.940417816322666	250
0.11680926080843	-0.800340842168149	250
-0.0642163112379901	-2.06315365704093	250
0.11208593810315	-0.74261105293111	227
-0.00749510771892004	-0.0416904160322389	250
-0.0840515624424301	-2.45926761870844	250
0.0971232966425699	-2.00220994713038	250
0.0506433419696899	-0.210505278231636	227
-0.0290301851328101	-1.87326184013859	853
-0.0711137640980399	-2.22432083666383	250
0.0725983582609402	0.23029143956574	250
0.0529074070403199	-2.25841548718544	250
0.00722366057273982	-1.69675702523344	243
-0.0779378691155301	-2.36372018786771	768
-0.0231150878329598	-1.70793259487985	380
0.0872508808790902	-2.20650930841895	380
0.0156723191432002	-1.60677680256163	853
-0.0528182653531699	-2.07840942083231	243
-0.0897177510335698	-2.48356895565199	604
-0.0987974120806898	-2.38797730429153	525
0.0642979097707701	-2.31390710552591	525
0.0989802275085401	-2.12891321847492	22
0.0828039152812798	-2.22251124915167	114
0.0880607391672901	-0.861923110081278	114
0.12204997926303	-0.749638069549315	22
0.0773353571081699	-1.14504520287568	773
-0.0722754257035101	-2.22236148745072	22
0.07467081310164	-2.1037520731674	316
0.00948980242836006	-1.70612087097028	21
-0.05379694570308	-1.18832840586699	773
-0.0929924770956001	-1.26320215771545	773
-0.0929802911947601	-1.49376787893651	773
0.0266011205744898	-2.45105129488558	773
0.0503074513986799	-0.0614374421108437	773
0.0290902956721202	-0.327844987762408	20
-0.03732144018409	-1.90654818916576	20
0.0560858557014199	-2.49385765550649	22
0.0607634416221101	-2.34614128640178	20
0.00843342392288005	-1.51262929065847	773
-0.0460304715075002	0.1102992882793	773
0.0154288747188298	-1.58517916779964	773
-0.0575922600663201	-1.26268324585391	773
0.0323551186629198	-1.44025912498055	606
0.0736407637910101	-0.986362321580453	773
0.0442446103718099	-2.33075341333446	773
0.00607855324847995	-1.94603029561456	773
-0.0278144368580202	-0.776267284462913	773
-0.0133224160069001	-0.68325457705091	773
-0.0815460528544301	-2.15063246357174	606
0.0613071612708702	0.17076137414964	773
-0.0435641867763801	-1.95818005346706	773
-0.0571611213502798	-2.20901894183078	22
0.01726643643967	-1.58874808188543	773
0.0789185708671898	-2.12686063287513	773
-0.0663886547765302	-1.27475321323039	773
0.0715582070822198	0.0707947394204211	773
-0.0159271746330001	-1.75948089066895	773
-0.08329400761995	-1.31211742461068	22
-0.06979819046362	-0.429413346118546	20
-0.0385644193227601	-2.02429294933547	773
0.0767939717967301	-1.19220226034371	773
0.0296640293103598	-0.318623550728693	773
-0.11125585542598	-1.71801554767263	773
-0.0950428971883501	-0.352112024479629	773
-0.000102639281009953	0.7256339980731	773
0.0279369440842099	-0.437556092075512	22
0.12199355234615	0.487998490537402	606
0.0279861261060899	-1.59547174978495	21
0.11530141933858	0.369865250825562	20
0.10385535660693	-0.96047973007294	773
0.0946959810343002	-2.33158528377945	491
-0.10956352328369	-1.50860261306763	22
-0.0455441966809502	-1.85187685847323	491
0.11006954036334	-0.937502948906562	20
-0.0251649173087101	-2.25390921725733	773
-0.00652666598473983	0.375860674604347	773
0.0729920554003498	1.30914205188092	773
-0.0387398227841	-0.94562841545539	773
-0.03298280373361	-2.115648613431	22
0.0982966831382002	-1.04450631865644	606
-0.0844441810617802	1.65484263553831	20
-0.0699485932314401	-2.10351396557951	773
-0.0807087864215399	-0.229186769368205	773
0.0364303291919699	-2.40442651465389	22
0.0782227726011202	-2.27045017893213	491
-0.0621291675733802	-2.1249418938635	773
0.05845958522952	-2.25947051249012	491
0.10625142597597	-0.683457754342825	20
0.0803632905809599	0.123681984035223	773
0.08614881352293	-2.03087047517199	22
0.01598782192085	-0.517316031431765	773
-0.00471687652761021	-0.577940827213759	773
-0.0575954943825101	-2.28106755871001	773
-0.10239528608251	-1.72685936630488	606
0.0851110571970501	-2.07285092450826	491
-0.0034754788995901	-1.82030091732607	491
-0.0296713943981501	-0.960436517256253	20
-0.0343247133319502	-0.911484615241356	20
-0.0012178045469402	-2.03309571703676	20
-0.0161304762808498	-1.97273657602257	20
0.0257954472184001	-1.63459109873237	20
-0.0538805748039701	-0.987692051269491	131
-0.00379371636066983	-1.80934443651576	114
0.00694671096115984	-1.69709747435041	525
0.0938487572979798	-2.14242473009577	20
-0.0102418240369899	-1.67611860280226	316
0.0249296327006898	-1.39800118752733	22
0.0875401443221802	-2.19458440256834	491
0.04582068401499	-2.48125726590178	491
-0.04232270883695	-1.8635329640203	22
-0.0509945023040999	-1.46835966562449	491
-0.11451963980535	-1.70333620196934	384
-0.0108107998087199	-1.83359150842068	22
-0.06587841026258	-2.07259223786873	384
0.0168758448269202	-1.51683624396029	384
0.0667655928066502	-2.19305462256504	384
0.0180841322325298	-1.60514535360152	384
-0.07025851083805	-1.40581657595793	384
0.07814212261398	0.0746069157096088	22
-0.07240366910922	-2.1260091761732	22
0.0731435502407698	-2.37447660189921	22
-0.0164979179220999	-1.68251270472179	384
-0.0988288224621301	-1.5220805348396	384
-0.06419281992103	0.646201261666281	384
0.03652069372861	-0.220498479089818	384
-0.12095198777523	-1.68274580115167	384
-0.0275256551074001	-1.8471508224621	559
0.10955680689808	-0.720254134729506	384
0.0985502547972801	-2.04170502969446	384
0.11735233460282	-0.811631590017004	384
0.0163939406326699	-0.345416303134749	22
0.0646654234292101	-2.2231961984169	22
0.02980580958278	-1.74926822813296	21
0.0836360962309501	-2.27065035810652	20
-0.0726459004766502	-1.11857759313627	384
0.0564042265444602	-2.38177567897875	384
0.0536801819769002	-2.33442968101491	384
0.100822785142	-2.04594943526501	384
-0.0856236703339302	-2.47782389567452	384
-0.0991748103257302	-1.45241715471217	384
0.08513434903309	0.106274449639278	384
0.0527442552316502	-1.43877249683089	384
0.0781402595501399	-1.00325070546287	384
0.0682497834190201	-2.40132019202989	384
0.0836716579300201	1.25025363370278	384
0.0580256637101999	-1.4646509692802	384
0.07226508980522	-1.32904786107761	384
-0.07079940793701	-1.3428456108818	384
-0.09120977109384	-1.70707565151048	384
-0.0805717937820298	-1.29163939668304	384
-0.0156588076404298	-0.845553745698041	384
0.0337204685064201	-2.39733075623215	384
0.10920173286849	0.609934094352841	384
-0.05309253880925	-1.24517820244518	20
-0.02031927057768	-1.06916569306165	384
0.00569717384242985	0.830194458086121	384
-0.02950362702614	-1.94665415205673	384
0.0619570981159301	-0.280750355580778	384
0.0891785360293298	-2.21553602416308	384
-0.0859872733026998	-0.496756552773951	384
0.0504421848655698	-1.46257092489676	384
-0.0394318911563198	-1.96731984551655	384
-0.0803684638934001	-2.35265963893357	384
-0.0397894019801401	-2.10469962892515	384
-0.10056105619058	-1.5145395832473	384
0.10770301723012	-0.682503757728302	384
-0.0520954415875199	-0.0901964197267073	384
-0.10574098574091	-1.8438651606226	384
0.12272511245948	0.312585394599045	384
0.0133904647647798	-0.666309299018378	384
-0.12381846603411	-1.7479695223055	384
-0.07687228233593	-2.2113768911729	384
0.06134619175078	-1.23661409879744	384
-0.0559180482986501	-1.06315427605393	384
0.0814997639258102	-1.14004658432533	384
0.0902148157666098	-2.26284711638947	384
0.0313388253290898	-0.254145690936726	384
0.0200825619991201	-1.88393998828681	384
-0.02768967183101	-2.08983032023127	384
0.09824381255111	-0.990722274276948	384
-0.0990786679937998	-2.38440765860766	384
-0.06304821584125	-2.39678722575871	384
0.0319553097385499	-1.33208557330346	22
0.00294987952025982	0.635342459962997	384
0.06939107766974	-1.2374412969196	384
0.0279467730752501	0.707858801134197	384
0.01474674531485	-0.48530215148139	384
-0.0271178122759399	-1.79109710883922	21
0.05439864696885	-2.31611148068976	21
0.0539243789877602	-2.27899391136511	21
-0.0361541261121299	-0.74321372234558	384
-0.1157747671561	-1.50157949965143	384
-0.02117605685623	-1.78566425241066	384
0.0723474278113998	-2.46307495076006	384
0.0940031614887702	-2.25196483598093	384
0.0296926263547799	-2.46399345969136	384
-0.0983487736969599	-2.45100657172708	22
0.0324572731832098	-2.48667001953683	20
-0.0587147457838202	-2.15323832929594	384
-0.0336085792273302	-2.01348423477106	22
0.07479523573687	-2.20639839288723	22
-0.0146036035781201	-1.79239151356182	22
-0.0897542571940799	-2.3885393848236	22
0.0642928575330002	-2.37406733682337	22
0.10231884969098	-2.20843862621345	22
0.10752562852409	-2.16145674967126	22
0.0493745539649702	-0.244771235010056	22
0.0977038412290598	-2.21634478554496	22
-0.04154379534436	-0.829713260961279	22
-0.11055485295621	-1.61733996903128	22
-0.04232406412333	0.0190614033393963	22
0.0458886050004499	-2.46855913965885	491
-0.0664143094465399	-1.14714597707505	22
-0.0992443408446699	-1.66568283416596	22
-0.0540830563051	-2.13394482399339	22
-0.00060005880617986	-1.57434408885839	132
0.07672412619497	-0.0964042427676812	415
0.00197910681061986	-1.53080977977352	354
-0.05081176645841	2.34412633963273	730
-0.0991138160890799	-0.764423992585089	516
0.0463379620559299	0.960877952238532	792
-0.1066536128776	1.37869991328999	792
0.11838088539382	-1.94232015441096	516
-0.0251109670781	0.326057744692196	792
0.0895386538947198	-0.785317061141551	516
-0.00994896528942979	0.487311316065446	792
0.0243711603369299	0.92702543175754	792
0.0940013846887102	-1.93064470839735	887
-0.12241406444946	-1.88789700423253	830
-0.0544209552217598	-1.25263398520605	699
