x	y	clickSelects	showSelected1
-0.00827923893140614	1	1	log2(tiles)=3.75 log10(pixels)=4.25
-0.0037208975410552	1	2	log2(tiles)=4.50 log10(pixels)=4.50
-0.0807218168128472	1	3	log2(tiles)=4.25 log10(pixels)=4.50
0.124887510846112	1	4	log2(tiles)=3.25 log10(pixels)=3.75
0.0827004709605674	1	5	log2(tiles)=2.50 log10(pixels)=3.75
-0.099032376080876	1	6	log2(tiles)=3.00 log10(pixels)=4.00
-0.000564950123670194	1	7	log2(tiles)=3.00 log10(pixels)=4.00
-0.0902835467656553	1	8	log2(tiles)=2.75 log10(pixels)=4.00
0.0605013477665297	1	9	log2(tiles)=2.50 log10(pixels)=3.75
-0.124518734299406	1	10	log2(tiles)=1.00 log10(pixels)=3.25
0.0358002908248976	1	11	log2(tiles)=4.50 log10(pixels)=4.50
0.102433705681336	1	12	log2(tiles)=2.00 log10(pixels)=3.00
0.102433371350281	1	13	log2(tiles)=4.00 log10(pixels)=4.25
-0.0939017979871681	1	14	log2(tiles)=1.00 log10(pixels)=2.75
0.100403095815512	1	15	log2(tiles)=4.25 log10(pixels)=4.25
-0.112254340391136	1	16	log2(tiles)=1.50 log10(pixels)=3.50
0.0327591926239972	1	17	log2(tiles)=2.50 log10(pixels)=3.75
-0.124071015077073	1	18	log2(tiles)=3.25 log10(pixels)=4.00
-0.115646585862494	1	19	log2(tiles)=2.00 log10(pixels)=3.50
-0.0426349625309284	1	20	log2(tiles)=1.50 log10(pixels)=3.25
-0.112962545210487	1	21	log2(tiles)=1.50 log10(pixels)=3.25
-0.00641184984009602	1	22	log2(tiles)=2.50 log10(pixels)=3.75
0.0884712790719289	1	23	log2(tiles)=2.25 log10(pixels)=3.75
-0.00907652120574465	1	24	log2(tiles)=3.75 log10(pixels)=4.25
0.0971543101005947	1	25	log2(tiles)=3.75 log10(pixels)=4.25
0.0645413291298809	1	26	log2(tiles)=4.00 log10(pixels)=4.25
0.0132332661806158	1	27	log2(tiles)=5.25 log10(pixels)=4.75
0.0730870162651458	1	28	log2(tiles)=4.00 log10(pixels)=4.25
-0.0475934273606207	1	29	log2(tiles)=3.50 log10(pixels)=4.25
0.0428539224724496	1	30	log2(tiles)=3.75 log10(pixels)=4.25
-0.105548319173784	1	31	log2(tiles)=1.00 log10(pixels)=2.50
0.0642886609474975	1	32	log2(tiles)=2.00 log10(pixels)=3.25
-0.044360346976748	1	33	log2(tiles)=3.25 log10(pixels)=4.00
-0.00643151721027246	1	34	log2(tiles)=3.00 log10(pixels)=4.00
0.00694023604672411	1	35	log2(tiles)=2.00 log10(pixels)=3.75
0.025974331129369	1	36	log2(tiles)=1.00 log10(pixels)=2.75
-0.0723192401512218	1	37	log2(tiles)=3.50 log10(pixels)=4.25
0.0899051114393981	1	38	log2(tiles)=0.00 log10(pixels)=2.00
0.029430354366986	1	39	log2(tiles)=2.25 log10(pixels)=3.50
0.0621381566777073	1	40	log2(tiles)=4.50 log10(pixels)=4.50
-0.0924661124420139	1	41	log2(tiles)=2.50 log10(pixels)=3.75
-0.0757207139381184	1	42	log2(tiles)=0.00 log10(pixels)=2.00
-0.0219565060900369	1	43	log2(tiles)=3.50 log10(pixels)=4.00
0.121953583545299	1	44	log2(tiles)=3.75 log10(pixels)=4.00
-0.100178536775435	1	45	log2(tiles)=2.25 log10(pixels)=3.75
0.0695439355418688	1	46	log2(tiles)=1.00 log10(pixels)=2.75
-0.0667301563171954	1	47	log2(tiles)=1.50 log10(pixels)=3.25
0.0640739789771465	1	48	log2(tiles)=2.50 log10(pixels)=3.50
-0.103400248279627	1	49	log2(tiles)=1.50 log10(pixels)=3.75
0.00882877059397913	1	50	log2(tiles)=3.50 log10(pixels)=4.25
0.0280830070178384	1	51	log2(tiles)=3.25 log10(pixels)=4.00
-0.0327793443554811	1	52	log2(tiles)=1.00 log10(pixels)=3.25
-0.0383814360459844	1	53	log2(tiles)=4.25 log10(pixels)=4.50
-0.0999060984566018	1	54	log2(tiles)=2.75 log10(pixels)=4.00
0.0148178230095364	1	55	log2(tiles)=1.00 log10(pixels)=2.25
-0.0523348373523254	1	56	log2(tiles)=2.25 log10(pixels)=3.75
-0.0820921899985199	1	57	log2(tiles)=2.00 log10(pixels)=3.25
0.00242711998443257	1	58	log2(tiles)=1.00 log10(pixels)=2.50
-0.00570701687732367	1	59	log2(tiles)=1.00 log10(pixels)=2.75
-0.00656376950238835	1	60	log2(tiles)=1.00 log10(pixels)=3.00
0.041124546612215	1	61	log2(tiles)=4.00 log10(pixels)=4.25
-0.0593742458660467	1	62	log2(tiles)=4.25 log10(pixels)=4.50
0.0140266076920375	1	63	log2(tiles)=2.75 log10(pixels)=3.75
-0.11835333704158	1	64	log2(tiles)=2.25 log10(pixels)=3.75
-0.0177287669604316	1	65	log2(tiles)=0.00 log10(pixels)=2.00
0.0808428588345613	1	66	log2(tiles)=3.25 log10(pixels)=4.00
-0.0707343817469344	1	67	log2(tiles)=3.25 log10(pixels)=4.00
-0.0662597005030645	1	68	log2(tiles)=3.25 log10(pixels)=4.00
-0.0744881866365521	1	69	log2(tiles)=1.50 log10(pixels)=3.25
-0.0436339668709569	1	70	log2(tiles)=0.00 log10(pixels)=2.50
-0.0639892042847903	1	71	log2(tiles)=3.50 log10(pixels)=4.00
0.0628873812938791	1	72	log2(tiles)=1.00 log10(pixels)=3.50
0.118751619544556	1	73	log2(tiles)=4.00 log10(pixels)=4.25
-0.122743866886414	1	74	log2(tiles)=3.00 log10(pixels)=4.00
-0.0883098412461387	1	75	log2(tiles)=3.25 log10(pixels)=4.00
0.0783796034387376	1	76	log2(tiles)=1.00 log10(pixels)=2.25
0.0512059437479064	1	77	log2(tiles)=2.00 log10(pixels)=3.50
0.0764635490928014	1	78	log2(tiles)=2.25 log10(pixels)=3.75
-0.0710411591191704	1	79	log2(tiles)=3.25 log10(pixels)=4.00
0.0533089811240997	1	80	log2(tiles)=3.25 log10(pixels)=4.00
0.0569048513364727	1	81	log2(tiles)=0.00 log10(pixels)=2.00
-0.0623818206061766	1	82	log2(tiles)=3.00 log10(pixels)=4.00
-0.109948503541013	1	83	log2(tiles)=2.00 log10(pixels)=3.50
-0.045880017344075	1	84	log2(tiles)=0.00 log10(pixels)=2.25
0.0888799561080518	1	85	log2(tiles)=3.25 log10(pixels)=4.00
0.0630469651601078	1	86	log2(tiles)=3.00 log10(pixels)=3.75
-0.00757904394797571	1	87	log2(tiles)=3.25 log10(pixels)=4.00
-0.0431741239681505	1	88	log2(tiles)=0.00 log10(pixels)=2.25
-0.0952844547213192	1	89	log2(tiles)=1.00 log10(pixels)=3.00
-0.0157001606532141	1	90	log2(tiles)=0.00 log10(pixels)=2.50
0.10407720615511	1	91	log2(tiles)=3.25 log10(pixels)=4.00
-0.1073489661227	1	92	log2(tiles)=1.50 log10(pixels)=3.00
0.0347598946640049	1	93	log2(tiles)=2.50 log10(pixels)=3.75
0.0743785644130823	1	94	log2(tiles)=2.00 log10(pixels)=3.50
-0.0926036806767705	1	95	log2(tiles)=3.25 log10(pixels)=4.25
-0.11457248519487	1	96	log2(tiles)=2.00 log10(pixels)=3.50
0.0395889525425965	1	97	log2(tiles)=1.50 log10(pixels)=3.25
-0.0630436645345878	1	98	log2(tiles)=2.00 log10(pixels)=3.25
0.0921767573958667	1	99	log2(tiles)=2.25 log10(pixels)=3.50
0.10582190540603	1	100	log2(tiles)=2.75 log10(pixels)=3.75
-0.121363326973483	1	101	log2(tiles)=2.75 log10(pixels)=4.00
-0.0630064337353216	1	102	log2(tiles)=2.75 log10(pixels)=3.75
-0.0083582065224137	1	103	log2(tiles)=2.25 log10(pixels)=3.50
0.101190532615334	1	104	log2(tiles)=3.25 log10(pixels)=3.50
-0.0893755951107988	1	105	log2(tiles)=1.00 log10(pixels)=3.00
-0.0984871908700602	1	106	log2(tiles)=3.00 log10(pixels)=4.00
-0.0110687375777472	1	107	log2(tiles)=4.50 log10(pixels)=4.50
0.0326187608507196	1	108	log2(tiles)=2.75 log10(pixels)=4.00
-0.0993411502350261	1	109	log2(tiles)=4.25 log10(pixels)=4.50
-0.0908447190593704	1	110	log2(tiles)=2.50 log10(pixels)=3.75
0.0570679506612981	1	111	log2(tiles)=1.00 log10(pixels)=3.25
0.0541394323353504	1	112	log2(tiles)=1.00 log10(pixels)=2.75
-0.113678513440521	1	113	log2(tiles)=3.25 log10(pixels)=4.00
0.0432836655705753	1	114	log2(tiles)=3.50 log10(pixels)=4.00
-0.0622927203751811	1	115	log2(tiles)=3.00 log10(pixels)=3.75
0.00689370794790056	1	116	log2(tiles)=2.00 log10(pixels)=3.00
-0.0606911408763797	1	117	log2(tiles)=0.00 log10(pixels)=2.75
-0.0736193077567298	1	118	log2(tiles)=1.00 log10(pixels)=3.25
0.0541255815130128	1	119	log2(tiles)=2.50 log10(pixels)=3.50
0.122138417446431	1	120	log2(tiles)=4.00 log10(pixels)=4.25
0.0365384804978026	1	121	log2(tiles)=2.50 log10(pixels)=3.75
0.0371060930365701	1	122	log2(tiles)=2.75 log10(pixels)=3.75
0.120552444729435	1	123	log2(tiles)=2.25 log10(pixels)=3.50
-0.0565054840938974	1	124	log2(tiles)=1.00 log10(pixels)=3.00
0.124282095835668	1	125	log2(tiles)=2.00 log10(pixels)=2.50
0.0454012229958423	1	126	log2(tiles)=3.25 log10(pixels)=4.00
0.1028193424327	1	127	log2(tiles)=2.50 log10(pixels)=3.50
-0.111708154643485	1	128	log2(tiles)=3.25 log10(pixels)=4.00
-0.0872265611648135	1	129	log2(tiles)=3.75 log10(pixels)=4.25
-0.0753225321268012	1	130	log2(tiles)=2.75 log10(pixels)=3.75
0.0213768718940743	1	131	log2(tiles)=1.50 log10(pixels)=3.25
0.0762261374496047	1	132	log2(tiles)=2.25 log10(pixels)=3.50
0.0314789170422549	1	133	log2(tiles)=2.25 log10(pixels)=3.50
-0.0130492121414836	1	134	log2(tiles)=3.50 log10(pixels)=4.00
-0.0312097379003893	1	135	log2(tiles)=2.00 log10(pixels)=3.50
0.12383114507383	1	136	log2(tiles)=2.00 log10(pixels)=3.25
-0.00130484168834411	1	137	log2(tiles)=2.00 log10(pixels)=3.00
0.0349024498866548	1	138	log2(tiles)=2.50 log10(pixels)=3.75
0.0193027508693415	1	139	log2(tiles)=3.75 log10(pixels)=4.25
-0.118253349349547	1	140	log2(tiles)=4.50 log10(pixels)=4.50
0.0224442335063197	1	141	log2(tiles)=1.00 log10(pixels)=2.50
0.0000434272768625732	1	142	log2(tiles)=3.00 log10(pixels)=4.00
0.0896104216255598	1	143	log2(tiles)=4.00 log10(pixels)=4.25
-0.073326111978627	1	144	log2(tiles)=2.00 log10(pixels)=3.50
0.0323955047425257	1	145	log2(tiles)=1.50 log10(pixels)=3.25
0.00891189239797363	1	146	log2(tiles)=1.00 log10(pixels)=2.75
0.0930144971507678	1	147	log2(tiles)=2.00 log10(pixels)=3.25
0.103531559077762	1	148	log2(tiles)=1.50 log10(pixels)=3.25
-0.013362604389846	1	149	log2(tiles)=3.00 log10(pixels)=4.00
0.0279070450474253	1	150	log2(tiles)=3.75 log10(pixels)=4.25
0.0755834551938133	1	151	log2(tiles)=3.50 log10(pixels)=4.00
0.0549958615291417	1	152	log2(tiles)=1.50 log10(pixels)=3.00
-0.00524305541237169	1	153	log2(tiles)=1.00 log10(pixels)=3.00
0.0912960031100658	1	154	log2(tiles)=4.00 log10(pixels)=4.25
-0.0312097379003893	2	155	log2(tiles)=2.00 log10(pixels)=3.50
0.0264685124694775	1	156	log2(tiles)=2.50 log10(pixels)=3.50
-0.105130343254748	1	157	log2(tiles)=2.00 log10(pixels)=3.00
0.114610984232173	1	158	log2(tiles)=2.00 log10(pixels)=3.00
-0.0598039199714864	1	159	log2(tiles)=0.00 log10(pixels)=1.75
-0.107832365595055	1	160	log2(tiles)=2.25 log10(pixels)=3.75
-0.0190880622231564	1	161	log2(tiles)=1.50 log10(pixels)=3.00
0.00285303097989331	1	162	log2(tiles)=0.00 log10(pixels)=2.25
0.0208520116421442	1	163	log2(tiles)=1.00 log10(pixels)=1.75
-0.11726273423867	1	164	log2(tiles)=1.50 log10(pixels)=3.50
0.00813156224066258	1	165	log2(tiles)=3.00 log10(pixels)=4.00
0.0320424166205542	1	166	log2(tiles)=2.25 log10(pixels)=3.75
-0.110152385353689	1	167	log2(tiles)=3.75 log10(pixels)=4.25
-0.0879035545820766	1	168	log2(tiles)=2.00 log10(pixels)=3.75
-0.0820803146826385	1	169	log2(tiles)=2.75 log10(pixels)=3.75
-0.0946639625349381	1	170	log2(tiles)=0.00 log10(pixels)=2.25
0.111617110554336	1	171	log2(tiles)=2.25 log10(pixels)=3.50
0.111085733414872	1	172	log2(tiles)=2.25 log10(pixels)=3.50
-0.00390100786742886	1	173	log2(tiles)=2.25 log10(pixels)=3.50
0.0750357259221905	1	174	log2(tiles)=3.25 log10(pixels)=4.00
0.037801729930226	1	175	log2(tiles)=1.50 log10(pixels)=3.25
0.0887231900313719	1	176	log2(tiles)=3.25 log10(pixels)=3.75
0.0686709780098966	1	177	log2(tiles)=2.25 log10(pixels)=3.50
-0.113111093016201	1	178	log2(tiles)=2.25 log10(pixels)=3.75
0.105442054801695	1	179	log2(tiles)=3.50 log10(pixels)=4.00
-0.0404849854573692	1	180	log2(tiles)=1.00 log10(pixels)=2.25
0.0263239110201878	1	181	log2(tiles)=4.00 log10(pixels)=4.25
0.0965970956264601	1	182	log2(tiles)=0.00 log10(pixels)=2.50
-0.0310503190186573	1	183	log2(tiles)=1.00 log10(pixels)=3.00
0.107209969647868	1	184	log2(tiles)=1.00 log10(pixels)=2.00
0.0760099777911005	1	185	log2(tiles)=3.25 log10(pixels)=3.75
-0.0877642762337985	1	186	log2(tiles)=3.50 log10(pixels)=4.25
-0.116184634019569	1	187	log2(tiles)=0.00 log10(pixels)=2.50
-0.0944828930236237	1	188	log2(tiles)=2.00 log10(pixels)=3.50
0.02143739646709	1	189	log2(tiles)=3.25 log10(pixels)=4.00
-0.1124102141613	1	190	log2(tiles)=2.25 log10(pixels)=3.75
0.115300748637988	1	191	log2(tiles)=2.25 log10(pixels)=3.25
-0.0550240915879519	1	192	log2(tiles)=1.00 log10(pixels)=3.00
-0.00559485331083343	1	193	log2(tiles)=3.25 log10(pixels)=4.00
0.0811301057189056	1	194	log2(tiles)=4.50 log10(pixels)=4.50
0.0108104910669784	1	195	log2(tiles)=4.00 log10(pixels)=4.25
-0.0428718023231869	1	196	log2(tiles)=1.00 log10(pixels)=3.00
-0.0000926700640819789	1	197	log2(tiles)=4.00 log10(pixels)=4.25
0.00265888950061921	1	198	log2(tiles)=3.50 log10(pixels)=4.25
-0.0247419336400387	1	199	log2(tiles)=2.00 log10(pixels)=3.75
-0.0767541260631921	1	200	log2(tiles)=0.00 log10(pixels)=2.50
-0.0174122304732323	1	201	log2(tiles)=2.25 log10(pixels)=3.50
-0.0285615926107008	1	202	log2(tiles)=2.25 log10(pixels)=3.50
0.092953571547866	1	203	log2(tiles)=2.00 log10(pixels)=3.50
-0.0802094138936371	1	204	log2(tiles)=2.25 log10(pixels)=3.50
-0.0316104581529317	1	205	log2(tiles)=3.25 log10(pixels)=4.00
-0.0231913174750362	1	206	log2(tiles)=2.75 log10(pixels)=3.75
-0.123320389580799	1	207	log2(tiles)=2.75 log10(pixels)=4.00
0.0145581128003274	1	208	log2(tiles)=3.75 log10(pixels)=4.25
0.0409181952145783	1	209	log2(tiles)=2.75 log10(pixels)=3.75
0.1156105116743	1	210	log2(tiles)=2.00 log10(pixels)=3.00
0.0374412834079476	1	211	log2(tiles)=2.00 log10(pixels)=3.50
-0.0914208745913325	1	212	log2(tiles)=1.50 log10(pixels)=3.50
-0.0159891824128207	1	213	log2(tiles)=2.00 log10(pixels)=3.25
0.0940420420410164	1	214	log2(tiles)=2.50 log10(pixels)=3.75
-0.0359218350181441	1	215	log2(tiles)=2.75 log10(pixels)=3.75
-0.0288205794015024	1	216	log2(tiles)=3.75 log10(pixels)=4.25
-0.00336580106242135	1	217	log2(tiles)=0.00 log10(pixels)=2.75
-0.00963731050575611	1	218	log2(tiles)=0.00 log10(pixels)=1.75
-0.0939976793170429	1	219	log2(tiles)=2.00 log10(pixels)=3.75
0.0812247810207323	1	220	log2(tiles)=2.00 log10(pixels)=3.25
0.0699384399803087	1	221	log2(tiles)=1.00 log10(pixels)=3.25
-0.0820921899985199	1	222	log2(tiles)=1.50 log10(pixels)=3.25
-0.103451962012868	1	223	log2(tiles)=2.00 log10(pixels)=3.50
-0.0680992718035958	1	224	log2(tiles)=3.75 log10(pixels)=4.25
-0.0509074688805811	1	225	log2(tiles)=4.25 log10(pixels)=4.50
0.00983269906348339	1	226	log2(tiles)=2.00 log10(pixels)=3.25
0.119231719730976	1	227	log2(tiles)=2.00 log10(pixels)=2.75
0.116011817361287	1	228	log2(tiles)=4.00 log10(pixels)=4.25
0.0768224233427732	1	229	log2(tiles)=3.50 log10(pixels)=4.00
-0.0565970969375824	1	230	log2(tiles)=2.00 log10(pixels)=3.25
-0.112289910601395	1	231	log2(tiles)=4.50 log10(pixels)=4.50
0.083083334178343	1	232	log2(tiles)=3.25 log10(pixels)=3.75
-0.0756494025206198	1	233	log2(tiles)=1.50 log10(pixels)=3.25
-0.0705810742857072	1	234	log2(tiles)=0.00 log10(pixels)=2.00
0.00551371281953328	1	235	log2(tiles)=2.00 log10(pixels)=3.25
-0.0450777087765983	1	236	log2(tiles)=2.50 log10(pixels)=3.75
-0.0584764778318454	1	237	log2(tiles)=2.50 log10(pixels)=3.75
0.00514997831990605	1	238	log2(tiles)=1.00 log10(pixels)=1.50
0.0235670489260587	1	239	log2(tiles)=2.25 log10(pixels)=3.75
-0.0713107602244101	1	240	log2(tiles)=1.00 log10(pixels)=3.25
-0.00598881280928509	1	241	log2(tiles)=5.25 log10(pixels)=4.75
-0.0449063894521267	1	242	log2(tiles)=2.75 log10(pixels)=3.75
-0.0281946820034511	1	243	log2(tiles)=4.00 log10(pixels)=4.25
0.0599305524475895	1	244	log2(tiles)=4.75 log10(pixels)=4.50
-0.0119538968712045	1	245	log2(tiles)=1.00 log10(pixels)=3.25
-0.0853497840657034	1	246	log2(tiles)=1.50 log10(pixels)=3.25
0.0842186867392387	1	247	log2(tiles)=1.00 log10(pixels)=3.00
-0.097077112432058	1	248	log2(tiles)=2.00 log10(pixels)=3.75
0.0326221128780624	1	249	log2(tiles)=2.00 log10(pixels)=3.25
-0.0844589232776269	1	250	log2(tiles)=1.50 log10(pixels)=3.25
-0.0818645015747679	1	251	log2(tiles)=2.50 log10(pixels)=3.50
0.0225377773752373	1	252	log2(tiles)=2.00 log10(pixels)=3.25
0.103144372620182	1	253	log2(tiles)=1.00 log10(pixels)=2.50
0.0786392099680722	1	254	log2(tiles)=1.00 log10(pixels)=2.50
-0.0385789059335515	1	255	log2(tiles)=0.00 log10(pixels)=3.00
-0.0639892042847903	1	256	log2(tiles)=1.00 log10(pixels)=3.00
0.0512470886362113	1	257	log2(tiles)=4.00 log10(pixels)=4.25
0.103916230920363	1	258	log2(tiles)=2.00 log10(pixels)=3.25
-0.0484320149440727	1	259	log2(tiles)=2.50 log10(pixels)=3.75
-0.088332587562264	1	260	log2(tiles)=1.50 log10(pixels)=3.25
-0.102323686759129	1	261	log2(tiles)=2.50 log10(pixels)=3.75
-0.0791517963566903	1	262	log2(tiles)=3.50 log10(pixels)=4.25
-0.0900668766687054	1	263	log2(tiles)=0.00 log10(pixels)=2.50
0.0913594704548548	1	264	log2(tiles)=2.00 log10(pixels)=2.75
-0.0333064008302455	1	265	log2(tiles)=2.00 log10(pixels)=3.25
0.0461723683169426	1	266	log2(tiles)=1.50 log10(pixels)=3.50
0.0836487565147013	1	267	log2(tiles)=2.25 log10(pixels)=3.25
-0.00305075150461898	1	268	log2(tiles)=1.50 log10(pixels)=3.00
-0.0262211653532751	1	269	log2(tiles)=2.00 log10(pixels)=3.50
-0.0502197916379994	1	270	log2(tiles)=3.25 log10(pixels)=4.00
-0.102632892206214	1	271	log2(tiles)=2.00 log10(pixels)=3.25
-0.0823622603477703	1	272	log2(tiles)=2.00 log10(pixels)=3.50
0.0620548296563785	1	273	log2(tiles)=2.50 log10(pixels)=3.50
0.0118833609788744	1	274	log2(tiles)=1.00 log10(pixels)=2.50
0.0695439355418688	1	275	log2(tiles)=1.00 log10(pixels)=1.75
0.0229642065179929	1	276	log2(tiles)=3.25 log10(pixels)=4.00
-0.0128073572952627	1	277	log2(tiles)=1.00 log10(pixels)=2.75
0.0411467617318855	1	278	log2(tiles)=2.00 log10(pixels)=3.25
0.0802405082653763	1	279	log2(tiles)=2.25 log10(pixels)=3.50
-0.0452752090209372	1	280	log2(tiles)=2.00 log10(pixels)=3.00
-0.0301183562534999	1	281	log2(tiles)=2.00 log10(pixels)=3.00
0.00204844781943869	1	282	log2(tiles)=1.00 log10(pixels)=2.75
-0.00129126439908234	1	283	log2(tiles)=1.50 log10(pixels)=3.25
0.0701925610957259	1	284	log2(tiles)=2.50 log10(pixels)=3.50
0.102723910791206	1	285	log2(tiles)=2.75 log10(pixels)=3.75
-0.0213630516155257	1	286	log2(tiles)=1.00 log10(pixels)=3.00
-0.076813731587726	1	287	log2(tiles)=0.00 log10(pixels)=2.25
0.0817511250244429	1	288	log2(tiles)=4.25 log10(pixels)=4.25
-0.0365094569060576	1	289	log2(tiles)=1.50 log10(pixels)=2.75
-0.0816140833099999	1	290	log2(tiles)=1.00 log10(pixels)=2.75
-0.0790123969899659	1	291	log2(tiles)=2.75 log10(pixels)=3.75
-0.0710557099644258	1	292	log2(tiles)=2.25 log10(pixels)=3.50
0.106058749410314	1	293	log2(tiles)=2.25 log10(pixels)=3.50
-0.12294153599901	1	294	log2(tiles)=2.50 log10(pixels)=3.75
-0.0461437017750139	1	295	log2(tiles)=3.25 log10(pixels)=4.00
-0.0856568428805593	1	296	log2(tiles)=0.00 log10(pixels)=3.00
-0.106048883576037	1	297	log2(tiles)=2.00 log10(pixels)=3.25
-0.105198222837289	1	298	log2(tiles)=2.00 log10(pixels)=3.50
-0.0383514319365448	1	299	log2(tiles)=2.00 log10(pixels)=3.50
-0.121602099051862	1	300	log2(tiles)=1.00 log10(pixels)=2.50
-0.116531544420413	1	301	log2(tiles)=0.00 log10(pixels)=1.75
0.00285303097989331	1	302	log2(tiles)=1.50 log10(pixels)=3.25
-0.0451788169482068	1	303	log2(tiles)=3.25 log10(pixels)=4.00
0.0195129442179165	1	304	log2(tiles)=0.00 log10(pixels)=2.25
-0.0731432910503078	1	305	log2(tiles)=1.00 log10(pixels)=3.00
0.0185139398778875	1	306	log2(tiles)=0.00 log10(pixels)=2.50
0.0109469486729727	1	307	log2(tiles)=2.00 log10(pixels)=3.50
0.0784568180532927	1	308	log2(tiles)=2.00 log10(pixels)=3.00
0.00959387888594865	1	309	log2(tiles)=1.00 log10(pixels)=3.25
0.000420002308894052	1	310	log2(tiles)=0.00 log10(pixels)=2.25
-0.0528419686577806	1	311	log2(tiles)=2.75 log10(pixels)=3.50
0.0594923769373419	1	312	log2(tiles)=3.25 log10(pixels)=3.75
-0.0518994543766103	1	313	log2(tiles)=2.75 log10(pixels)=3.75
-0.0457574905606752	1	314	log2(tiles)=0.00 log10(pixels)=2.00
0.0374412834079476	1	315	log2(tiles)=3.00 log10(pixels)=3.50
0.0185641095135733	1	316	log2(tiles)=2.75 log10(pixels)=3.75
-0.0695604052332999	1	317	log2(tiles)=1.00 log10(pixels)=3.00
-0.059388202186395	1	318	log2(tiles)=1.50 log10(pixels)=3.25
0.037801729930226	1	319	log2(tiles)=1.00 log10(pixels)=2.25
-0.0144715530924513	1	320	log2(tiles)=0.00 log10(pixels)=2.25
-0.0510299956639813	1	321	log2(tiles)=0.00 log10(pixels)=1.75
0.0496056125949731	1	322	log2(tiles)=1.00 log10(pixels)=3.00
-0.0916375079047502	1	323	log2(tiles)=2.00 log10(pixels)=3.25
0.0448119117577761	1	324	log2(tiles)=2.50 log10(pixels)=3.50
0.0979510709941498	1	325	log2(tiles)=2.00 log10(pixels)=3.00
0.0395102040902544	1	326	log2(tiles)=3.00 log10(pixels)=3.75
0.0378247505883418	1	327	log2(tiles)=2.00 log10(pixels)=3.00
-0.0891345219961308	1	328	log2(tiles)=1.50 log10(pixels)=2.75
-0.108550226599533	1	329	log2(tiles)=2.00 log10(pixels)=3.25
-0.0157001606532141	1	330	log2(tiles)=1.00 log10(pixels)=2.50
0.05307844348342	1	331	log2(tiles)=1.00 log10(pixels)=2.00
-0.0296303675486054	1	332	log2(tiles)=1.50 log10(pixels)=3.25
-0.0348924141509444	1	333	log2(tiles)=3.50 log10(pixels)=4.00
0.00389116623691077	1	334	log2(tiles)=1.00 log10(pixels)=3.00
0.0909532351879858	1	335	log2(tiles)=2.75 log10(pixels)=3.50
-0.0856471442155629	1	336	log2(tiles)=1.00 log10(pixels)=2.25
-0.0541003475907664	1	337	log2(tiles)=1.50 log10(pixels)=3.25
-0.0306687130162735	1	338	log2(tiles)=2.00 log10(pixels)=2.75
0.00350645699097019	1	339	log2(tiles)=2.50 log10(pixels)=3.75
0.012837224705172	1	340	log2(tiles)=0.00 log10(pixels)=2.00
-0.105561410532161	1	341	log2(tiles)=0.00 log10(pixels)=2.75
0.0696680969115957	1	342	log2(tiles)=1.50 log10(pixels)=3.00
0.0153597554092144	1	343	log2(tiles)=2.00 log10(pixels)=3.00
-0.0480601306348971	1	344	log2(tiles)=1.00 log10(pixels)=3.50
0.0314789170422549	1	345	log2(tiles)=1.00 log10(pixels)=2.50
-0.11043573382415	1	346	log2(tiles)=1.50 log10(pixels)=3.25
0.0800109359361176	1	347	log2(tiles)=2.50 log10(pixels)=3.75
-0.119634062734793	1	348	log2(tiles)=3.50 log10(pixels)=4.25
-0.0721165896692932	1	349	log2(tiles)=1.50 log10(pixels)=3.00
0.0157787563890408	1	350	log2(tiles)=1.00 log10(pixels)=3.00
-0.0373502983727887	1	351	log2(tiles)=1.00 log10(pixels)=2.75
-0.0518994543766103	1	352	log2(tiles)=0.00 log10(pixels)=2.75
-0.0882119954561311	1	353	log2(tiles)=2.00 log10(pixels)=3.50
0.0202783941119273	1	354	log2(tiles)=3.25 log10(pixels)=4.00
-0.0769180417027688	1	355	log2(tiles)=1.00 log10(pixels)=3.50
0.0979510709941498	1	356	log2(tiles)=1.50 log10(pixels)=3.00
0.00812553608319933	1	357	log2(tiles)=2.50 log10(pixels)=3.50
-0.0257837359237447	1	358	log2(tiles)=1.50 log10(pixels)=3.50
0.108205007704326	1	359	log2(tiles)=2.50 log10(pixels)=3.50
-0.0492962828549808	1	360	log2(tiles)=1.00 log10(pixels)=2.75
-0.0861861476162833	1	361	log2(tiles)=0.00 log10(pixels)=2.00
-0.0803255659411932	1	362	log2(tiles)=2.00 log10(pixels)=3.25
0.0550944485783194	1	363	log2(tiles)=0.00 log10(pixels)=2.50
-0.00168944621039957	1	364	log2(tiles)=1.00 log10(pixels)=2.50
0.117933835039641	1	365	log2(tiles)=2.00 log10(pixels)=3.00
-0.023191662661934	1	366	log2(tiles)=1.50 log10(pixels)=3.00
-0.124481771028362	1	367	log2(tiles)=2.50 log10(pixels)=3.75
0.119957607346053	1	368	log2(tiles)=1.50 log10(pixels)=3.25
-0.0885486578620625	1	369	log2(tiles)=2.00 log10(pixels)=3.50
-0.0686362358410126	1	370	log2(tiles)=0.00 log10(pixels)=1.50
0.079946695941636	1	371	log2(tiles)=1.50 log10(pixels)=2.75
0.0118663565277242	1	372	log2(tiles)=3.25 log10(pixels)=4.00
0.103089529851866	1	373	log2(tiles)=0.00 log10(pixels)=2.75
0.0153597554092144	1	374	log2(tiles)=1.00 log10(pixels)=3.00
0.0850764114720946	1	375	log2(tiles)=3.75 log10(pixels)=4.00
-0.0790123969899659	1	376	log2(tiles)=2.00 log10(pixels)=3.75
0.00695815256093191	1	377	log2(tiles)=1.50 log10(pixels)=3.25
-0.0915149811213503	1	378	log2(tiles)=0.00 log10(pixels)=2.00
0.0805886686851443	1	379	log2(tiles)=1.50 log10(pixels)=2.75
-0.00621808390620515	1	380	log2(tiles)=1.00 log10(pixels)=3.25
-0.0242516670044517	1	381	log2(tiles)=2.00 log10(pixels)=3.75
-0.00833099262005144	1	382	log2(tiles)=1.50 log10(pixels)=3.00
-0.0257241303992108	1	383	log2(tiles)=1.00 log10(pixels)=2.75
0.1055191556678	1	384	log2(tiles)=2.00 log10(pixels)=2.75
0.0732785569516707	1	385	log2(tiles)=2.50 log10(pixels)=3.75
-0.11747546204512	1	386	log2(tiles)=1.00 log10(pixels)=3.00
0.0950980400142569	1	387	log2(tiles)=1.50 log10(pixels)=2.75
0.0755469613925306	1	388	log2(tiles)=2.00 log10(pixels)=3.00
-0.0198492747267194	1	389	log2(tiles)=2.00 log10(pixels)=3.50
0.115950051656401	1	390	log2(tiles)=1.00 log10(pixels)=2.50
-0.0195510786217259	1	391	log2(tiles)=0.00 log10(pixels)=2.25
-0.0520763801682738	1	392	log2(tiles)=1.50 log10(pixels)=3.00
0.0373537727147464	1	393	log2(tiles)=1.00 log10(pixels)=3.25
-0.00202673363819361	1	394	log2(tiles)=0.00 log10(pixels)=2.25
0.021841606536499	1	395	log2(tiles)=0.00 log10(pixels)=2.25
-0.0338340977140068	1	396	log2(tiles)=1.50 log10(pixels)=3.25
0.0346172926328752	1	397	log2(tiles)=2.75 log10(pixels)=3.75
-0.0437139555875676	1	398	log2(tiles)=2.00 log10(pixels)=3.25
-0.0432822176632413	1	399	log2(tiles)=1.00 log10(pixels)=2.75
0.0951693514317551	1	400	log2(tiles)=1.50 log10(pixels)=3.00
-0.0782315987930762	1	401	log2(tiles)=2.00 log10(pixels)=3.50
-0.0027634504932359	1	402	log2(tiles)=2.00 log10(pixels)=3.25
-0.08838029403677	1	403	log2(tiles)=0.00 log10(pixels)=2.50
0.0760748027008265	1	404	log2(tiles)=0.00 log10(pixels)=1.75
-0.0685421293109951	1	405	log2(tiles)=1.50 log10(pixels)=3.00
0.0796253533580495	1	406	log2(tiles)=2.75 log10(pixels)=3.75
0.0290589500845	1	407	log2(tiles)=3.25 log10(pixels)=4.00
0.101216345339342	1	408	log2(tiles)=2.25 log10(pixels)=3.25
0.0441921107650325	1	409	log2(tiles)=2.00 log10(pixels)=3.50
0.0523090996473234	1	410	log2(tiles)=2.00 log10(pixels)=3.00
0.0454628943903801	1	411	log2(tiles)=2.50 log10(pixels)=3.75
-0.0159229660971691	1	412	log2(tiles)=1.00 log10(pixels)=3.00
-0.0499707334462296	1	413	log2(tiles)=2.00 log10(pixels)=3.25
-0.0469671129852896	1	414	log2(tiles)=2.00 log10(pixels)=3.25
-0.0974059220725301	1	415	log2(tiles)=1.00 log10(pixels)=3.25
-0.108359296507612	1	416	log2(tiles)=2.00 log10(pixels)=3.50
-0.0854520377534533	1	417	log2(tiles)=2.25 log10(pixels)=3.75
-0.120590400897281	1	418	log2(tiles)=1.50 log10(pixels)=2.75
-0.0987718325018871	1	419	log2(tiles)=2.25 log10(pixels)=3.50
-0.0182756166714837	1	420	log2(tiles)=2.00 log10(pixels)=3.25
0.046921075330169	1	421	log2(tiles)=3.25 log10(pixels)=3.75
0.112605001534575	1	422	log2(tiles)=2.00 log10(pixels)=3.00
0.0433622780211294	1	423	log2(tiles)=2.00 log10(pixels)=3.00
0.0678127081508215	1	424	log2(tiles)=4.00 log10(pixels)=4.25
-0.0860272884490287	1	425	log2(tiles)=3.00 log10(pixels)=4.00
-0.00181197299379954	1	426	log2(tiles)=0.00 log10(pixels)=1.75
0.100635608258954	1	427	log2(tiles)=2.00 log10(pixels)=3.25
0.0280673308886623	1	428	log2(tiles)=1.50 log10(pixels)=3.25
-0.0741724253752576	1	429	log2(tiles)=1.00 log10(pixels)=3.00
0.111727836017593	1	430	log2(tiles)=1.00 log10(pixels)=2.25
-0.106048883576037	2	431	log2(tiles)=2.00 log10(pixels)=3.25
0.097572659142112	1	432	log2(tiles)=1.00 log10(pixels)=2.75
-0.094861565188618	1	433	log2(tiles)=1.00 log10(pixels)=2.75
-0.011615876487844	1	434	log2(tiles)=2.00 log10(pixels)=3.75
0.0350292822023683	1	435	log2(tiles)=1.50 log10(pixels)=3.00
-0.000564950123670194	1	436	log2(tiles)=3.50 log10(pixels)=4.00
0.0563025007672873	1	437	log2(tiles)=0.00 log10(pixels)=1.50
0.0425755124401905	1	438	log2(tiles)=1.00 log10(pixels)=3.00
0.0695439355418688	2	439	log2(tiles)=1.00 log10(pixels)=2.75
0.0170333392987803	1	440	log2(tiles)=1.00 log10(pixels)=3.00
-0.0752306859845739	1	441	log2(tiles)=2.75 log10(pixels)=3.75
-0.0386124470631413	1	442	log2(tiles)=1.00 log10(pixels)=3.25
0.024388795550379	1	443	log2(tiles)=2.00 log10(pixels)=3.25
0.112293937964231	1	444	log2(tiles)=1.50 log10(pixels)=3.25
0.0313511645830595	1	445	log2(tiles)=2.00 log10(pixels)=3.50
-0.111910278015494	1	446	log2(tiles)=3.00 log10(pixels)=3.75
0.0835388192543523	1	447	log2(tiles)=2.25 log10(pixels)=3.50
-0.0546058917088903	1	448	log2(tiles)=2.25 log10(pixels)=3.75
0.00587485567249146	1	449	log2(tiles)=0.00 log10(pixels)=1.75
-0.0801254975101977	1	450	log2(tiles)=2.50 log10(pixels)=3.75
0.0551363189436391	1	451	log2(tiles)=2.25 log10(pixels)=3.25
0.0927206446840994	1	452	log2(tiles)=1.50 log10(pixels)=3.00
0.0828422669943514	1	453	log2(tiles)=2.00 log10(pixels)=3.25
-0.0867002359187481	1	454	log2(tiles)=1.00 log10(pixels)=2.50
-0.0431741239681505	2	455	log2(tiles)=0.00 log10(pixels)=2.25
-0.088187314462739	1	456	log2(tiles)=2.00 log10(pixels)=2.75
0.0331886910752575	1	457	log2(tiles)=1.50 log10(pixels)=2.75
0.115277591395901	1	458	log2(tiles)=2.00 log10(pixels)=3.00
0.107030798272624	1	459	log2(tiles)=3.25 log10(pixels)=3.75
-0.0619809025237896	1	460	log2(tiles)=1.50 log10(pixels)=3.00
-0.0411543619518211	1	461	log2(tiles)=2.75 log10(pixels)=3.75
0.0611056070179306	1	462	log2(tiles)=2.75 log10(pixels)=3.75
-0.109243748081782	1	463	log2(tiles)=2.75 log10(pixels)=4.00
0.0778363412927439	1	464	log2(tiles)=2.25 log10(pixels)=3.50
-0.050521600812635	1	465	log2(tiles)=2.00 log10(pixels)=3.50
-0.108359296507612	1	466	log2(tiles)=2.25 log10(pixels)=3.50
0.0531960574204891	1	467	log2(tiles)=0.00 log10(pixels)=2.25
0.0568580295188172	1	468	log2(tiles)=1.00 log10(pixels)=2.75
0.00774777800074	1	469	log2(tiles)=1.00 log10(pixels)=3.00
0.0428117712481471	1	470	log2(tiles)=2.75 log10(pixels)=3.75
0.0728716022004803	1	471	log2(tiles)=0.00 log10(pixels)=2.50
0.0695439355418688	2	472	log2(tiles)=1.00 log10(pixels)=1.75
-0.00336580106242135	2	473	log2(tiles)=0.00 log10(pixels)=2.75
-0.106672870007954	1	474	log2(tiles)=2.00 log10(pixels)=3.25
-0.0664126824272331	1	475	log2(tiles)=2.25 log10(pixels)=3.75
-0.024905478918531	1	476	log2(tiles)=1.50 log10(pixels)=2.75
0.0157787563890408	1	477	log2(tiles)=2.00 log10(pixels)=3.00
0.0493405494535817	1	478	log2(tiles)=1.00 log10(pixels)=1.75
-0.00963731050575611	2	479	log2(tiles)=0.00 log10(pixels)=1.75
0.0882192219076257	1	480	log2(tiles)=2.00 log10(pixels)=2.75
-0.0739087409443187	1	481	log2(tiles)=0.00 log10(pixels)=1.25
0.100319329751661	1	482	log2(tiles)=1.50 log10(pixels)=3.50
-0.0684422261372135	1	483	log2(tiles)=1.00 log10(pixels)=3.25
-0.106547323513813	1	484	log2(tiles)=2.50 log10(pixels)=3.75
-0.0741398549221595	1	485	log2(tiles)=2.00 log10(pixels)=3.50
-0.0391021572434522	1	486	log2(tiles)=2.25 log10(pixels)=3.50
0.0856584522893016	1	487	log2(tiles)=2.25 log10(pixels)=3.25
0.078015064223977	1	488	log2(tiles)=1.00 log10(pixels)=2.75
-0.0532712773767132	1	489	log2(tiles)=1.50 log10(pixels)=3.25
0.0722192947339193	1	490	log2(tiles)=0.00 log10(pixels)=1.25
-0.0182756166714837	1	491	log2(tiles)=2.25 log10(pixels)=3.25
-0.0751388592621884	1	492	log2(tiles)=1.50 log10(pixels)=2.75
0.0742824552976926	1	493	log2(tiles)=2.00 log10(pixels)=3.25
-0.085026652029182	1	494	log2(tiles)=0.00 log10(pixels)=1.50
-0.00399409592397104	1	495	log2(tiles)=1.50 log10(pixels)=3.25
-0.089909454405932	1	496	log2(tiles)=1.00 log10(pixels)=3.00
0.0400346113625178	1	497	log2(tiles)=0.00 log10(pixels)=2.25
-0.0606673061697372	1	498	log2(tiles)=0.00 log10(pixels)=2.50
0.0994194137968996	1	499	log2(tiles)=2.00 log10(pixels)=2.75
0	1	500	log2(tiles)=0.00 log10(pixels)=1.00
0.00902574208691043	1	501	log2(tiles)=1.00 log10(pixels)=3.00
-0.0123337350737254	1	502	log2(tiles)=2.00 log10(pixels)=3.00
0.0734583668494677	1	503	log2(tiles)=2.00 log10(pixels)=3.25
0.0629578340845103	1	504	log2(tiles)=1.50 log10(pixels)=3.00
0.0904441148401185	1	505	log2(tiles)=1.00 log10(pixels)=2.25
-0.096879478824182	1	506	log2(tiles)=0.00 log10(pixels)=2.50
-0.0579904073463298	1	507	log2(tiles)=2.00 log10(pixels)=3.25
-0.0114492834995557	1	508	log2(tiles)=2.00 log10(pixels)=3.50
-0.0824944904474534	1	509	log2(tiles)=1.50 log10(pixels)=3.00
-0.00966114521239847	1	510	log2(tiles)=1.50 log10(pixels)=3.00
-0.0497508916806391	1	511	log2(tiles)=1.00 log10(pixels)=2.50
-0.0936649581949092	1	512	log2(tiles)=1.00 log10(pixels)=3.00
0.0652061280543119	1	513	log2(tiles)=1.00 log10(pixels)=3.00
-0.101539150391777	1	514	log2(tiles)=2.25 log10(pixels)=3.50
0.0437903846908188	1	515	log2(tiles)=1.00 log10(pixels)=2.75
-0.0734887386354246	1	516	log2(tiles)=1.00 log10(pixels)=2.50
-0.0771053022478236	1	517	log2(tiles)=1.50 log10(pixels)=3.25
-0.105266072552808	1	518	log2(tiles)=2.75 log10(pixels)=3.75
-0.0644741485013451	1	519	log2(tiles)=1.50 log10(pixels)=3.50
0.00860017176191752	1	520	log2(tiles)=0.00 log10(pixels)=2.00
0.0158738437116792	1	521	log2(tiles)=0.00 log10(pixels)=2.50
-0.116461091629783	1	522	log2(tiles)=1.50 log10(pixels)=3.25
0.0440680443502757	1	523	log2(tiles)=2.00 log10(pixels)=2.50
-0.0346268472165781	1	524	log2(tiles)=2.00 log10(pixels)=3.25
-0.083866029694891	1	525	log2(tiles)=2.25 log10(pixels)=3.25
0.11391737695786	1	526	log2(tiles)=1.00 log10(pixels)=2.75
-0.0844589232776269	1	527	log2(tiles)=2.00 log10(pixels)=3.25
0.111934276332681	1	528	log2(tiles)=2.00 log10(pixels)=3.00
0.121572935545879	1	529	log2(tiles)=2.00 log10(pixels)=2.75
0.0728216453031045	1	530	log2(tiles)=1.00 log10(pixels)=2.75
-0.0226275577103636	1	531	log2(tiles)=1.00 log10(pixels)=3.25
-0.0246907182741372	1	532	log2(tiles)=1.00 log10(pixels)=2.25
-0.0819696632151197	1	533	log2(tiles)=1.50 log10(pixels)=3.00
0.0899051114393981	1	534	log2(tiles)=2.00 log10(pixels)=3.00
-0.0465287662770644	1	535	log2(tiles)=1.50 log10(pixels)=3.50
-0.0599485822407941	1	536	log2(tiles)=2.00 log10(pixels)=3.25
-0.101886308269497	1	537	log2(tiles)=2.00 log10(pixels)=3.50
0.0910646070264991	1	538	log2(tiles)=0.00 log10(pixels)=1.50
-0.0958234581220396	1	539	log2(tiles)=0.00 log10(pixels)=2.75
0	2	540	log2(tiles)=0.00 log10(pixels)=1.00
-0.0985994592184558	1	541	log2(tiles)=2.00 log10(pixels)=3.50
-0.0314983111327258	1	542	log2(tiles)=2.00 log10(pixels)=2.75
0.037819095073274	1	543	log2(tiles)=2.00 log10(pixels)=2.50
0.0493405494535817	1	544	log2(tiles)=0.00 log10(pixels)=1.75
-0.113279432843593	1	545	log2(tiles)=0.00 log10(pixels)=2.25
-0.116184634019569	2	546	log2(tiles)=0.00 log10(pixels)=2.50
0.00358305889290644	1	547	log2(tiles)=1.00 log10(pixels)=2.75
0.012837224705172	1	548	log2(tiles)=1.00 log10(pixels)=2.00
0.0350292822023683	1	549	log2(tiles)=1.00 log10(pixels)=3.00
0.0263392773898441	1	550	log2(tiles)=1.00 log10(pixels)=2.50
-0.119788758288394	1	551	log2(tiles)=1.50 log10(pixels)=2.50
-0.122634143407268	1	552	log2(tiles)=1.00 log10(pixels)=2.75
-0.0507935208383423	1	553	log2(tiles)=1.50 log10(pixels)=3.25
0.0904441148401185	2	554	log2(tiles)=1.00 log10(pixels)=2.25
-0.035156151952302	1	555	log2(tiles)=0.00 log10(pixels)=2.25
-0.0900837999301496	1	556	log2(tiles)=1.00 log10(pixels)=2.75
0.00695815256093191	1	557	log2(tiles)=2.50 log10(pixels)=3.25
-0.0624821079826532	1	558	log2(tiles)=1.00 log10(pixels)=3.00
0.107995495560924	1	559	log2(tiles)=2.50 log10(pixels)=3.75
0.0856905714924254	1	560	log2(tiles)=1.00 log10(pixels)=2.75
0.101747073946366	1	561	log2(tiles)=1.00 log10(pixels)=3.00
-0.0362121726544447	1	562	log2(tiles)=1.00 log10(pixels)=2.00
0.000867721531227161	1	563	log2(tiles)=2.00 log10(pixels)=3.00
-0.0087739243075049	1	564	log2(tiles)=1.00 log10(pixels)=3.00
0.0531960574204891	2	565	log2(tiles)=0.00 log10(pixels)=2.25
-0.0378123955960423	1	566	log2(tiles)=0.00 log10(pixels)=2.25
0.113841821876069	1	567	log2(tiles)=1.00 log10(pixels)=2.50
0.0444662261615929	1	568	log2(tiles)=0.00 log10(pixels)=2.25
0.0100713879850747	1	569	log2(tiles)=0.00 log10(pixels)=2.25
-0.00863830616572736	1	570	log2(tiles)=0.00 log10(pixels)=1.50
0.109835482339888	1	571	log2(tiles)=0.00 log10(pixels)=2.25
0.0681858617461617	1	572	log2(tiles)=1.00 log10(pixels)=2.00
0.0602325179950842	1	573	log2(tiles)=2.00 log10(pixels)=2.75
-0.0702477199975919	1	574	log2(tiles)=1.00 log10(pixels)=2.50
0.0884564936046046	1	575	log2(tiles)=0.00 log10(pixels)=2.25
0.0453229787866576	1	576	log2(tiles)=1.00 log10(pixels)=3.00
0.100635608258954	2	577	log2(tiles)=2.00 log10(pixels)=3.25
-0.0214335044061569	1	578	log2(tiles)=1.00 log10(pixels)=2.50
-0.0391021572434522	1	579	log2(tiles)=1.00 log10(pixels)=2.50
-0.105114581712858	1	580	log2(tiles)=1.00 log10(pixels)=3.25
0.0644579892269186	1	581	log2(tiles)=0.00 log10(pixels)=2.00
0.119093330626743	1	582	log2(tiles)=1.00 log10(pixels)=2.50
-0.0512936800949202	1	583	log2(tiles)=2.25 log10(pixels)=3.50
0.0534571156484138	1	584	log2(tiles)=1.00 log10(pixels)=2.75
-0.119788758288394	1	585	log2(tiles)=0.00 log10(pixels)=1.50
-0.0886319977650252	1	586	log2(tiles)=1.00 log10(pixels)=2.25
-0.0967874862246565	1	587	log2(tiles)=1.00 log10(pixels)=2.75
0.0506503808639138	1	588	log2(tiles)=3.25 log10(pixels)=4.00
0.0662412999917832	1	589	log2(tiles)=0.00 log10(pixels)=2.75
-0.0757207139381184	2	590	log2(tiles)=0.00 log10(pixels)=2.00
0.0422560713564759	1	591	log2(tiles)=0.00 log10(pixels)=2.25
0.0983048630481607	1	592	log2(tiles)=0.00 log10(pixels)=2.25
0.0767225201689921	1	593	log2(tiles)=1.00 log10(pixels)=2.75
0.0465426634781312	1	594	log2(tiles)=1.00 log10(pixels)=2.50
-0.0301536139756395	1	595	log2(tiles)=1.50 log10(pixels)=3.25
-0.0423927129399049	1	596	log2(tiles)=2.00 log10(pixels)=3.00
-0.0177287669604316	1	597	log2(tiles)=1.50 log10(pixels)=3.00
0.0281512503836436	1	598	log2(tiles)=1.00 log10(pixels)=1.75
0.05307844348342	1	599	log2(tiles)=0.00 log10(pixels)=2.00
0.0334237554869499	1	600	log2(tiles)=1.50 log10(pixels)=3.00
0.0622928644564746	1	601	log2(tiles)=0.00 log10(pixels)=2.50
-0.0518994543766103	1	602	log2(tiles)=1.50 log10(pixels)=2.75
-0.0525662781129492	1	603	log2(tiles)=0.00 log10(pixels)=3.00
0.0433622780211294	1	604	log2(tiles)=1.00 log10(pixels)=3.00
-0.0555173278498313	1	605	log2(tiles)=1.00 log10(pixels)=3.00
-0.0214335044061569	2	606	log2(tiles)=1.00 log10(pixels)=2.50
-0.0733063903751337	1	607	log2(tiles)=1.00 log10(pixels)=2.75
0.123851640967086	1	608	log2(tiles)=1.00 log10(pixels)=2.00
-0.0639892042847903	1	609	log2(tiles)=1.50 log10(pixels)=3.00
0.068201724066995	1	610	log2(tiles)=0.00 log10(pixels)=1.50
-0.0900837999301496	1	611	log2(tiles)=0.00 log10(pixels)=2.75
-0.0257241303992108	2	612	log2(tiles)=1.00 log10(pixels)=2.75
0.00647720624167691	1	613	log2(tiles)=2.00 log10(pixels)=3.25
-0.0528419686577808	1	614	log2(tiles)=0.00 log10(pixels)=1.50
0.0453229787866576	1	615	log2(tiles)=0.00 log10(pixels)=2.00
-0.0491485411114536	1	616	log2(tiles)=0.00 log10(pixels)=3.00
-0.105561410532161	1	617	log2(tiles)=1.50 log10(pixels)=2.75
0.0420344359947364	1	618	log2(tiles)=2.00 log10(pixels)=3.25
-0.0641556340155587	1	619	log2(tiles)=2.00 log10(pixels)=3.50
-0.103871964321762	1	620	log2(tiles)=0.00 log10(pixels)=1.25
-0.0900668766687054	2	621	log2(tiles)=0.00 log10(pixels)=2.50
-0.0316526695878427	1	622	log2(tiles)=0.00 log10(pixels)=2.50
0.0118833609788744	2	623	log2(tiles)=1.00 log10(pixels)=2.50
0.0950980400142569	1	624	log2(tiles)=2.00 log10(pixels)=2.75
0.124830149413859	1	625	log2(tiles)=1.50 log10(pixels)=3.00
-0.0739087409443187	2	626	log2(tiles)=0.00 log10(pixels)=1.25
-0.078313524516398	1	627	log2(tiles)=3.25 log10(pixels)=4.00
0.02415784926368	1	628	log2(tiles)=1.00 log10(pixels)=2.25
0.0763358609287517	1	629	log2(tiles)=0.00 log10(pixels)=2.25
0.1156105116743	1	630	log2(tiles)=1.00 log10(pixels)=3.00
-0.0277971616209354	1	631	log2(tiles)=2.00 log10(pixels)=3.00
0.0237464668115646	1	632	log2(tiles)=1.50 log10(pixels)=2.50
0.0287536009528289	1	633	log2(tiles)=0.00 log10(pixels)=1.25
0.119093330626743	1	634	log2(tiles)=0.00 log10(pixels)=2.50
-0.11069829749369	1	635	log2(tiles)=1.00 log10(pixels)=3.00
-0.075118363368933	1	636	log2(tiles)=1.00 log10(pixels)=2.50
-0.0757207139381184	1	637	log2(tiles)=1.00 log10(pixels)=2.00
-0.00696195131370558	1	638	log2(tiles)=1.00 log10(pixels)=2.25
-0.0431741239681505	3	639	log2(tiles)=0.00 log10(pixels)=2.25
0.00163822044821194	1	640	log2(tiles)=1.00 log10(pixels)=3.25
0.000510910526337227	1	641	log2(tiles)=2.00 log10(pixels)=3.50
0.0224442335063197	2	642	log2(tiles)=1.00 log10(pixels)=2.50
-0.0228787452803376	1	643	log2(tiles)=0.00 log10(pixels)=1.50
0.0250448070368452	1	644	log2(tiles)=1.00 log10(pixels)=2.50
-0.0615801779972895	1	645	log2(tiles)=1.00 log10(pixels)=2.75
0.0842186867392387	2	646	log2(tiles)=1.00 log10(pixels)=3.00
-0.0856471442155629	2	647	log2(tiles)=1.00 log10(pixels)=2.25
0.119215857410143	1	648	log2(tiles)=1.50 log10(pixels)=3.25
-0.0916375079047502	1	649	log2(tiles)=1.00 log10(pixels)=3.25
0.003790683057181	1	650	log2(tiles)=0.00 log10(pixels)=2.50
-0.0653085691824011	1	651	log2(tiles)=1.00 log10(pixels)=2.25
-0.0381927709588088	1	652	log2(tiles)=1.50 log10(pixels)=2.75
0.0334237554869499	1	653	log2(tiles)=1.00 log10(pixels)=3.00
-0.0100415205751654	1	654	log2(tiles)=1.00 log10(pixels)=2.50
0.0457869402516091	1	655	log2(tiles)=1.50 log10(pixels)=3.25
0.0314789170422549	2	656	log2(tiles)=1.00 log10(pixels)=2.50
0.0809249756756194	1	657	log2(tiles)=0.00 log10(pixels)=2.50
0.0118833609788744	1	658	log2(tiles)=0.00 log10(pixels)=2.50
0.034881714655453	1	659	log2(tiles)=2.00 log10(pixels)=3.25
-0.0638916201867947	1	660	log2(tiles)=1.50 log10(pixels)=3.25
0.0340261060561349	1	661	log2(tiles)=1.00 log10(pixels)=2.50
0.0520892578817325	1	662	log2(tiles)=1.50 log10(pixels)=2.75
-0.123868592738015	1	663	log2(tiles)=1.50 log10(pixels)=3.25
-0.0209070993616738	1	664	log2(tiles)=1.50 log10(pixels)=3.00
0.0118833609788744	3	665	log2(tiles)=1.00 log10(pixels)=2.50
0.0502283530550942	1	666	log2(tiles)=1.00 log10(pixels)=2.50
-0.0187336509245082	1	667	log2(tiles)=2.75 log10(pixels)=3.75
0.031755374652469	1	668	log2(tiles)=1.50 log10(pixels)=2.75
0.0843312243675309	1	669	log2(tiles)=1.00 log10(pixels)=2.50
-0.000312917381596112	1	670	log2(tiles)=1.00 log10(pixels)=2.50
0.117271295655764	1	671	log2(tiles)=0.00 log10(pixels)=2.00
-0.121478204498794	1	672	log2(tiles)=2.00 log10(pixels)=3.00
0.0884564936046046	2	673	log2(tiles)=0.00 log10(pixels)=2.25
-0.1073489661227	2	674	log2(tiles)=1.50 log10(pixels)=3.00
0.0669038393756605	1	675	log2(tiles)=1.00 log10(pixels)=2.75
-0.07727454200674	1	676	log2(tiles)=2.00 log10(pixels)=3.00
-0.117982957425132	1	677	log2(tiles)=1.00 log10(pixels)=2.50
-0.0851281824599495	1	678	log2(tiles)=1.00 log10(pixels)=3.00
0.0910386316775229	1	679	log2(tiles)=2.00 log10(pixels)=3.25
-0.0214335044061564	1	680	log2(tiles)=2.50 log10(pixels)=3.50
-0.0314983111327258	1	681	log2(tiles)=1.00 log10(pixels)=2.75
-0.0702477199975919	1	682	log2(tiles)=1.50 log10(pixels)=2.50
-0.0365094569060576	1	683	log2(tiles)=1.00 log10(pixels)=2.75
-0.0705810742857072	2	684	log2(tiles)=0.00 log10(pixels)=2.00
-0.0104502791595271	1	685	log2(tiles)=1.50 log10(pixels)=3.25
-0.0438315695246367	1	686	log2(tiles)=0.00 log10(pixels)=3.00
0.121572935545879	1	687	log2(tiles)=1.00 log10(pixels)=2.75
0.0843312243675309	2	688	log2(tiles)=1.00 log10(pixels)=2.50
0.00732095292274471	1	689	log2(tiles)=1.00 log10(pixels)=3.00
-0.0850266520291823	1	690	log2(tiles)=0.00 log10(pixels)=2.50
0.0542299098633974	1	691	log2(tiles)=1.00 log10(pixels)=3.00
-0.0415790998652872	1	692	log2(tiles)=1.50 log10(pixels)=2.75
-0.0865404482300098	1	693	log2(tiles)=1.50 log10(pixels)=3.25
-0.0917600346881504	1	694	log2(tiles)=0.00 log10(pixels)=2.50
-0.115822892423234	1	695	log2(tiles)=1.00 log10(pixels)=3.25
-0.086299074610352	1	696	log2(tiles)=0.00 log10(pixels)=2.75
0.0577099234048069	1	697	log2(tiles)=2.00 log10(pixels)=3.25
0.103698211776174	1	698	log2(tiles)=1.00 log10(pixels)=2.75
0.0374604745184151	1	699	log2(tiles)=1.00 log10(pixels)=2.75
0.0381683711411678	1	700	log2(tiles)=1.00 log10(pixels)=2.75
0.0124510897304293	1	701	log2(tiles)=0.00 log10(pixels)=2.25
-0.0891345219961308	1	702	log2(tiles)=1.00 log10(pixels)=2.75
0.0208520116421442	1	703	log2(tiles)=1.00 log10(pixels)=2.75
-0.0530567293021744	1	704	log2(tiles)=1.00 log10(pixels)=3.00
-0.0624710387853655	1	705	log2(tiles)=2.00 log10(pixels)=2.75
-0.0186344909214555	1	706	log2(tiles)=1.00 log10(pixels)=3.00
-0.00202673363819361	1	707	log2(tiles)=1.00 log10(pixels)=2.25
-0.0513429130455774	1	708	log2(tiles)=1.00 log10(pixels)=2.25
0.102059991327962	1	709	log2(tiles)=0.00 log10(pixels)=0.50
0.0493405494535817	2	710	log2(tiles)=0.00 log10(pixels)=1.75
0.0681858617461617	1	711	log2(tiles)=0.00 log10(pixels)=2.00
-0.0767559813697236	1	712	log2(tiles)=1.50 log10(pixels)=3.00
0.0413926851582249	1	713	log2(tiles)=0.00 log10(pixels)=2.00
0.0622928644564746	1	714	log2(tiles)=1.00 log10(pixels)=2.50
0.0904441148401185	3	715	log2(tiles)=1.00 log10(pixels)=2.25
0.0259513412480126	1	716	log2(tiles)=1.50 log10(pixels)=3.50
0.0400346113625178	2	717	log2(tiles)=0.00 log10(pixels)=2.25
-0.0424298239020637	1	718	log2(tiles)=0.00 log10(pixels)=2.75
0.0060379549973173	1	719	log2(tiles)=1.50 log10(pixels)=3.00
0.111727836017593	1	720	log2(tiles)=0.00 log10(pixels)=1.25
0.0742824552976926	1	721	log2(tiles)=0.00 log10(pixels)=2.25
0.068201724066995	2	722	log2(tiles)=0.00 log10(pixels)=1.50
-0.0540392964224314	1	723	log2(tiles)=2.00 log10(pixels)=3.00
-0.0712174885030454	1	724	log2(tiles)=2.00 log10(pixels)=3.50
-0.0686362358410126	1	725	log2(tiles)=2.00 log10(pixels)=2.50
-0.111510743045363	1	726	log2(tiles)=1.00 log10(pixels)=2.75
-0.0850526273781584	1	727	log2(tiles)=1.00 log10(pixels)=3.25
0.0161973535124389	1	728	log2(tiles)=2.00 log10(pixels)=3.00
-0.0788339493622612	1	729	log2(tiles)=0.00 log10(pixels)=3.00
0.0510299956639813	1	730	log2(tiles)=1.00 log10(pixels)=2.25
-0.103871964321762	1	731	log2(tiles)=1.00 log10(pixels)=2.25
0.0118833609788744	4	732	log2(tiles)=1.00 log10(pixels)=2.50
-0.00448733218585007	1	733	log2(tiles)=0.00 log10(pixels)=2.25
-0.0381927709588088	1	734	log2(tiles)=1.00 log10(pixels)=2.75
-0.0139668528823642	1	735	log2(tiles)=1.50 log10(pixels)=3.25
0.109138297294531	1	736	log2(tiles)=1.00 log10(pixels)=2.75
0.0843312243675309	3	737	log2(tiles)=1.00 log10(pixels)=2.50
-0.103277721496227	1	738	log2(tiles)=2.25 log10(pixels)=3.50
0.0884564936046046	3	739	log2(tiles)=0.00 log10(pixels)=2.25
0.0924226808222062	1	740	log2(tiles)=0.00 log10(pixels)=1.25
0.0134279935629373	1	741	log2(tiles)=0.00 log10(pixels)=1.75
0.0287536009528289	2	742	log2(tiles)=0.00 log10(pixels)=1.25
-0.0726296369609765	1	743	log2(tiles)=1.00 log10(pixels)=3.00
0.0287536009528289	3	744	log2(tiles)=0.00 log10(pixels)=1.25
-0.0660068361687576	1	745	log2(tiles)=3.00 log10(pixels)=4.00
-0.124687549038326	1	746	log2(tiles)=1.00 log10(pixels)=2.75
0.0921767573958667	1	747	log2(tiles)=1.00 log10(pixels)=2.50
0.0111758131557314	1	748	log2(tiles)=1.00 log10(pixels)=2.75
0.103803720955957	1	749	log2(tiles)=0.00 log10(pixels)=2.00
-0.0634862575211068	1	750	log2(tiles)=1.00 log10(pixels)=3.00
-0.0132282657337552	1	751	log2(tiles)=0.00 log10(pixels)=2.00
-0.0967874862246563	1	752	log2(tiles)=0.00 log10(pixels)=1.75
0.00173371280900048	1	753	log2(tiles)=1.00 log10(pixels)=3.00
0.117271295655764	1	754	log2(tiles)=1.00 log10(pixels)=2.00
-0.0472075569559078	1	755	log2(tiles)=1.50 log10(pixels)=3.00
-0.0823873272724698	1	756	log2(tiles)=2.00 log10(pixels)=3.25
0.0507170782823851	1	757	log2(tiles)=1.00 log10(pixels)=2.75
-0.0122050067260773	1	758	log2(tiles)=2.00 log10(pixels)=3.25
-0.0272435506827877	1	759	log2(tiles)=1.00 log10(pixels)=2.50
0.00242711998443257	2	760	log2(tiles)=1.00 log10(pixels)=2.50
0.0575072019056577	1	761	log2(tiles)=1.00 log10(pixels)=2.50
-0.00696195131370558	2	762	log2(tiles)=1.00 log10(pixels)=2.25
-0.101705902565254	1	763	log2(tiles)=2.00 log10(pixels)=3.25
0.0570679506612981	1	764	log2(tiles)=2.00 log10(pixels)=3.25
0.0783796034387376	2	765	log2(tiles)=1.00 log10(pixels)=2.25
0.0595597146352676	1	766	log2(tiles)=1.00 log10(pixels)=2.75
-0.0615801779972895	2	767	log2(tiles)=1.00 log10(pixels)=2.75
0.0705429398818973	1	768	log2(tiles)=1.00 log10(pixels)=2.50
0.0874264570362855	1	769	log2(tiles)=2.00 log10(pixels)=3.00
0.0715135284047732	1	770	log2(tiles)=1.00 log10(pixels)=2.75
0	3	771	log2(tiles)=0.00 log10(pixels)=1.00
0.113943352306837	1	772	log2(tiles)=1.00 log10(pixels)=2.00
-0.101639989019068	1	773	log2(tiles)=0.00 log10(pixels)=2.75
0.123249290397901	1	774	log2(tiles)=0.00 log10(pixels)=1.50
-0.0497508916806391	1	775	log2(tiles)=0.00 log10(pixels)=2.50
-0.0969100130080562	1	776	log2(tiles)=1.50 log10(pixels)=3.00
-0.0339966563652008	1	777	log2(tiles)=0.00 log10(pixels)=1.75
-0.00414480482627111	1	778	log2(tiles)=0.00 log10(pixels)=2.75
-0.0428718023231869	2	779	log2(tiles)=1.00 log10(pixels)=3.00
0.0422560713564759	1	780	log2(tiles)=1.00 log10(pixels)=2.25
-0.0391021572434522	1	781	log2(tiles)=1.50 log10(pixels)=2.50
0.0634810853944106	1	782	log2(tiles)=1.00 log10(pixels)=2.50
0.0934216851622351	1	783	log2(tiles)=1.00 log10(pixels)=2.00
-0.0746879085003505	1	784	log2(tiles)=1.00 log10(pixels)=3.00
-0.116184634019569	1	785	log2(tiles)=1.00 log10(pixels)=2.50
-0.0421181032660076	1	786	log2(tiles)=1.00 log10(pixels)=2.50
-0.103800652904264	1	787	log2(tiles)=0.00 log10(pixels)=2.50
-0.063837352959244	1	788	log2(tiles)=1.00 log10(pixels)=2.50
0.0453229787866576	2	789	log2(tiles)=0.00 log10(pixels)=2.00
0.123320601815399	1	790	log2(tiles)=1.00 log10(pixels)=2.75
-0.0541003475907664	1	791	log2(tiles)=0.00 log10(pixels)=2.25
-0.0114492834995557	1	792	log2(tiles)=1.50 log10(pixels)=2.50
0.0314084642516241	1	793	log2(tiles)=1.50 log10(pixels)=3.00
-0.0777937225609837	1	794	log2(tiles)=1.00 log10(pixels)=3.00
-0.0900668766687054	1	795	log2(tiles)=1.00 log10(pixels)=2.50
-0.102372908709559	1	796	log2(tiles)=1.00 log10(pixels)=2.00
0.0493405494535817	3	797	log2(tiles)=0.00 log10(pixels)=1.75
0.0220157398177201	1	798	log2(tiles)=2.00 log10(pixels)=3.00
-0.0203181576823241	1	799	log2(tiles)=2.00 log10(pixels)=3.25
-0.0605096863006325	1	800	log2(tiles)=2.00 log10(pixels)=3.25
0.109738566197147	1	801	log2(tiles)=1.50 log10(pixels)=2.75
-0.0421181032660076	1	802	log2(tiles)=0.00 log10(pixels)=2.50
0.0924226808222062	2	803	log2(tiles)=0.00 log10(pixels)=1.25
-0.082682665251824	1	804	log2(tiles)=1.00 log10(pixels)=2.25
-0.0195510786217261	1	805	log2(tiles)=0.00 log10(pixels)=1.25
0.0208520116421442	2	806	log2(tiles)=1.00 log10(pixels)=1.75
0.0334237554869499	1	807	log2(tiles)=0.00 log10(pixels)=2.00
-0.0370138152633319	1	808	log2(tiles)=1.00 log10(pixels)=3.25
0.0550944485783194	1	809	log2(tiles)=1.00 log10(pixels)=2.50
0.107332496431269	1	810	log2(tiles)=1.00 log10(pixels)=2.75
-0.103871964321762	1	811	log2(tiles)=0.00 log10(pixels)=2.25
0.0894514413064407	1	812	log2(tiles)=2.25 log10(pixels)=3.25
0.0267011839884108	1	813	log2(tiles)=1.50 log10(pixels)=2.75
0.091287265058499	1	814	log2(tiles)=2.50 log10(pixels)=3.50
0.00920252233110297	1	815	log2(tiles)=1.00 log10(pixels)=2.50
-0.0428718023231869	3	816	log2(tiles)=1.00 log10(pixels)=3.00
-0.0250280057019312	1	817	log2(tiles)=1.00 log10(pixels)=3.00
-0.107535479757879	1	818	log2(tiles)=1.00 log10(pixels)=2.75
0.0983048630481607	2	819	log2(tiles)=0.00 log10(pixels)=2.25
-0.0346171485515816	1	820	log2(tiles)=2.00 log10(pixels)=2.50
-0.0026136156026868	1	821	log2(tiles)=2.00 log10(pixels)=3.00
-0.0200257143004445	1	822	log2(tiles)=1.50 log10(pixels)=2.75
-0.00806092227080102	1	823	log2(tiles)=1.00 log10(pixels)=2.75
-0.0458800173440752	1	824	log2(tiles)=0.00 log10(pixels)=1.25
-0.0686362358410126	1	825	log2(tiles)=0.00 log10(pixels)=2.50
-0.0891345219961308	1	826	log2(tiles)=0.00 log10(pixels)=2.75
-0.0376020021010439	1	827	log2(tiles)=1.00 log10(pixels)=2.50
0.0538830266438746	1	828	log2(tiles)=0.00 log10(pixels)=2.50
0.0170333392987803	1	829	log2(tiles)=0.00 log10(pixels)=2.00
0.0195129442179165	1	830	log2(tiles)=1.00 log10(pixels)=2.25
-0.0816987086802548	1	831	log2(tiles)=1.00 log10(pixels)=2.50
0.0437903846908188	1	832	log2(tiles)=1.50 log10(pixels)=2.75
-0.0145735259169983	1	833	log2(tiles)=2.00 log10(pixels)=3.00
0.0180458141024169	1	834	log2(tiles)=3.00 log10(pixels)=3.75
0.0287536009528289	1	835	log2(tiles)=1.00 log10(pixels)=2.25
-0.00168944621039957	1	836	log2(tiles)=1.50 log10(pixels)=2.50
-0.121600731282193	1	837	log2(tiles)=2.00 log10(pixels)=3.25
-0.105561410532161	2	838	log2(tiles)=0.00 log10(pixels)=2.75
0.0858807318173946	1	839	log2(tiles)=2.50 log10(pixels)=3.75
-0.0356595153723327	1	840	log2(tiles)=2.25 log10(pixels)=3.50
0.0969100130080562	1	841	log2(tiles)=1.00 log10(pixels)=2.00
0.0910646070264991	1	842	log2(tiles)=1.00 log10(pixels)=2.50
-0.105548319173784	1	843	log2(tiles)=0.00 log10(pixels)=2.50
0.119231719730976	1	844	log2(tiles)=0.00 log10(pixels)=1.75
0.0440680443502757	1	845	log2(tiles)=0.00 log10(pixels)=1.50
-0.0160007134616129	1	846	log2(tiles)=2.00 log10(pixels)=2.75
0.0623889493705918	1	847	log2(tiles)=2.00 log10(pixels)=3.25
-0.0512936800949202	1	848	log2(tiles)=1.00 log10(pixels)=2.50
0.00527250510330601	1	849	log2(tiles)=1.00 log10(pixels)=2.25
0.068556895072363	1	850	log2(tiles)=2.00 log10(pixels)=3.00
-0.0323294969977379	1	851	log2(tiles)=0.00 log10(pixels)=2.75
-0.0536436112666676	1	852	log2(tiles)=1.00 log10(pixels)=2.75
-0.122247484167027	1	853	log2(tiles)=1.50 log10(pixels)=3.25
-0.00362394598759908	1	854	log2(tiles)=2.25 log10(pixels)=3.50
0.0340261060561349	2	855	log2(tiles)=1.00 log10(pixels)=2.50
-0.00307035192678518	1	856	log2(tiles)=0.00 log10(pixels)=2.50
0.0428254269591797	1	857	log2(tiles)=1.00 log10(pixels)=2.50
-0.103800652904264	1	858	log2(tiles)=2.00 log10(pixels)=2.50
0.0983048630481607	3	859	log2(tiles)=0.00 log10(pixels)=2.25
-0.0195510786217261	2	860	log2(tiles)=0.00 log10(pixels)=1.25
-0.0475694635544746	1	861	log2(tiles)=1.00 log10(pixels)=2.75
0.0289821168654432	1	862	log2(tiles)=1.50 log10(pixels)=3.25
-0.0891345219961308	2	863	log2(tiles)=1.00 log10(pixels)=2.75
0.0352941200427703	1	864	log2(tiles)=2.00 log10(pixels)=3.50
-0.0886319977650252	1	865	log2(tiles)=1.50 log10(pixels)=3.25
0.0314789170422551	1	866	log2(tiles)=0.00 log10(pixels)=1.50
-0.064996848546345	1	867	log2(tiles)=1.00 log10(pixels)=3.00
-0.0257837359237447	1	868	log2(tiles)=0.00 log10(pixels)=2.50
-0.00181197299379954	2	869	log2(tiles)=0.00 log10(pixels)=1.75
0.121572935545879	1	870	log2(tiles)=1.50 log10(pixels)=2.75
-0.0904439707588249	1	871	log2(tiles)=1.00 log10(pixels)=3.00
0.00527250510330601	1	872	log2(tiles)=0.00 log10(pixels)=1.25
0.0783796034387376	1	873	log2(tiles)=1.50 log10(pixels)=2.25
-0.0575202309355514	1	874	log2(tiles)=0.00 log10(pixels)=2.50
0.0617538610557542	1	875	log2(tiles)=0.00 log10(pixels)=2.25
-0.0398826348881838	1	876	log2(tiles)=2.00 log10(pixels)=2.75
0.0864597338485296	1	877	log2(tiles)=1.00 log10(pixels)=2.25
0.0863598306747484	1	878	log2(tiles)=1.00 log10(pixels)=2.00
0.000420002308894052	2	879	log2(tiles)=0.00 log10(pixels)=2.25
0.0134279935629373	2	880	log2(tiles)=0.00 log10(pixels)=1.75
-0.116184634019569	3	881	log2(tiles)=0.00 log10(pixels)=2.50
-0.076058001365912	1	882	log2(tiles)=0.00 log10(pixels)=2.75
-0.108426746821825	1	883	log2(tiles)=2.25 log10(pixels)=3.75
0.0264618041732443	1	884	log2(tiles)=0.00 log10(pixels)=2.25
-0.045880017344075	2	885	log2(tiles)=0.00 log10(pixels)=2.25
-0.0642582613977365	1	886	log2(tiles)=0.00 log10(pixels)=2.75
-0.111820506081675	1	887	log2(tiles)=1.00 log10(pixels)=3.00
-0.0609802235513337	1	888	log2(tiles)=1.00 log10(pixels)=3.00
0.0353298350107671	1	889	log2(tiles)=2.00 log10(pixels)=2.75
0.111727836017593	2	890	log2(tiles)=0.00 log10(pixels)=1.25
-0.0969100130080565	1	891	log2(tiles)=0.00 log10(pixels)=1.00
0.00826030551233448	1	892	log2(tiles)=2.00 log10(pixels)=3.50
0.00389116623691077	1	893	log2(tiles)=0.00 log10(pixels)=3.00
0.092609239610562	1	894	log2(tiles)=1.00 log10(pixels)=2.75
-0.00448733218585007	2	895	log2(tiles)=0.00 log10(pixels)=2.25
-0.0510299956639813	1	896	log2(tiles)=1.00 log10(pixels)=2.75
0.123320601815399	1	897	log2(tiles)=0.00 log10(pixels)=2.75
-0.0710923097560472	1	898	log2(tiles)=1.00 log10(pixels)=3.00
-0.0247647773958719	1	899	log2(tiles)=2.50 log10(pixels)=3.50
0.0844537511509307	1	900	log2(tiles)=1.00 log10(pixels)=2.25
-0.0527706572402824	1	901	log2(tiles)=1.00 log10(pixels)=2.75
-0.0265443279648143	1	902	log2(tiles)=2.00 log10(pixels)=2.75
0.101869600729766	1	903	log2(tiles)=1.00 log10(pixels)=2.75
0.0181097298084785	1	904	log2(tiles)=2.00 log10(pixels)=3.25
0.0693739096150461	1	905	log2(tiles)=0.00 log10(pixels)=2.50
0.0301996982030821	1	906	log2(tiles)=1.00 log10(pixels)=2.50
-0.030177984021837	1	907	log2(tiles)=0.00 log10(pixels)=2.50
0.0825089127062362	1	908	log2(tiles)=1.00 log10(pixels)=2.75
0	1	909	log2(tiles)=1.00 log10(pixels)=2.00
-0.0170038896078464	1	910	log2(tiles)=0.00 log10(pixels)=2.25
-0.0543957967264026	1	911	log2(tiles)=0.00 log10(pixels)=2.50
0.113322860120456	1	912	log2(tiles)=1.00 log10(pixels)=2.75
0.0289777052087779	1	913	log2(tiles)=1.00 log10(pixels)=3.00
-0.0228787452803376	1	914	log2(tiles)=0.00 log10(pixels)=0.50
0.00815462196738981	1	915	log2(tiles)=1.00 log10(pixels)=2.75
-0.100326278518962	1	916	log2(tiles)=1.00 log10(pixels)=2.50
0.123851640967086	1	917	log2(tiles)=0.00 log10(pixels)=2.00
-0.0687587626244128	1	918	log2(tiles)=0.00 log10(pixels)=1.75
-0.0424298239020637	1	919	log2(tiles)=1.00 log10(pixels)=2.75
0.0659703454569178	1	920	log2(tiles)=1.00 log10(pixels)=2.25
0.0413926851582249	1	921	log2(tiles)=1.50 log10(pixels)=2.00
0.0761309567107946	1	922	log2(tiles)=2.00 log10(pixels)=3.25
-0.0171264163912461	1	923	log2(tiles)=1.00 log10(pixels)=2.50
0.0957180179666586	1	924	log2(tiles)=1.50 log10(pixels)=2.75
0.0655797147284485	1	925	log2(tiles)=1.50 log10(pixels)=3.00
-0.00602013475815699	1	926	log2(tiles)=3.00 log10(pixels)=3.75
-0.0513429130455774	2	927	log2(tiles)=1.00 log10(pixels)=2.25
0.0327543789924976	1	928	log2(tiles)=1.00 log10(pixels)=2.50
-0.00963731050575611	3	929	log2(tiles)=0.00 log10(pixels)=1.75
-0.0510299956639813	2	930	log2(tiles)=1.00 log10(pixels)=2.75
-0.0891345219961308	3	931	log2(tiles)=1.00 log10(pixels)=2.75
0.0642475957319202	1	932	log2(tiles)=1.00 log10(pixels)=2.75
0.0141761323903307	1	933	log2(tiles)=1.00 log10(pixels)=2.75
0.100033257689769	1	934	log2(tiles)=1.00 log10(pixels)=2.75
-0.0354210464295011	1	935	log2(tiles)=1.50 log10(pixels)=3.25
0.0289167002776547	1	936	log2(tiles)=2.00 log10(pixels)=2.50
-0.0119538968712045	1	937	log2(tiles)=0.00 log10(pixels)=2.25
-0.0970511706555954	1	938	log2(tiles)=2.00 log10(pixels)=3.50
-0.0195510786217261	3	939	log2(tiles)=0.00 log10(pixels)=1.25
0.0281512503836434	1	940	log2(tiles)=0.00 log10(pixels)=2.75
0.011927838420529	1	941	log2(tiles)=0.00 log10(pixels)=2.75
0.0563025007672873	1	942	log2(tiles)=1.00 log10(pixels)=2.50
0.0520892578817325	1	943	log2(tiles)=1.00 log10(pixels)=2.75
