fill	x	y	xmin	xmax	ymin	ymax
#171717	-1.5	0	-1.625	-1.375	-2.5	2.5
#4F4F4F	-1.5	5	-1.625	-1.375	2.5	7.5
#525252	-1	5	-1.125	-0.875	2.5	7.5
#0A0A0A	-0.75	0	-0.875	-0.625	-2.5	2.5
#010101	0	0	-0.125	0.125	-2.5	2.5
#585858	-2.5	5	-2.625	-2.375	2.5	7.5
#020202	-0.25	0	-0.375	-0.125	-2.5	2.5
#161616	-1.25	0	-1.375	-1.125	-2.5	2.5
#060606	-0.5	0	-0.625	-0.375	-2.5	2.5
#111111	1	0	0.875	1.125	-2.5	2.5
#171717	1.75	0	1.625	1.875	-2.5	2.5
#000000	0.5	0	0.375	0.625	-2.5	2.5
#1F1F1F	-1.75	0	-1.875	-1.625	-2.5	2.5
#404040	2	5	1.875	2.125	2.5	7.5
#0B0B0B	0.75	0	0.625	0.875	-2.5	2.5
#202020	-2	0	-2.125	-1.875	-2.5	2.5
#030303	0.25	0	0.125	0.375	-2.5	2.5
#292929	-2.5	0	-2.625	-2.375	-2.5	2.5
#333333	-3	0	-3.125	-2.875	-2.5	2.5
#111111	1.25	0	1.125	1.375	-2.5	2.5
#121212	-1	0	-1.125	-0.875	-2.5	2.5
#414141	3.75	0	3.625	3.875	-2.5	2.5
#3F3F3F	-3.5	0	-3.625	-3.375	-2.5	2.5
#383838	2.75	0	2.625	2.875	-2.5	2.5
#2A2A2A	-2.25	0	-2.375	-2.125	-2.5	2.5
#3D3D3D	-3.25	0	-3.375	-3.125	-2.5	2.5
#323232	3	0	2.875	3.125	-2.5	2.5
#262626	2.5	0	2.375	2.625	-2.5	2.5
#3C3C3C	3.5	0	3.375	3.625	-2.5	2.5
#464646	4	0	3.875	4.125	-2.5	2.5
#202020	2	0	1.875	2.125	-2.5	2.5
#4B4B4B	4.5	5	4.375	4.625	2.5	7.5
#909090	-2	10	-2.125	-1.875	7.5	12.5
#1A1A1A	1.5	0	1.375	1.625	-2.5	2.5
#292929	2.25	0	2.125	2.375	-2.5	2.5
#D2D2D2	-1.75	35	-1.875	-1.625	32.5	37.5
#747474	-1	15	-1.125	-0.875	12.5	17.5
#616161	-0.75	10	-0.875	-0.625	7.5	12.5
#4F4F4F	-0.75	5	-0.875	-0.625	2.5	7.5
#999999	-1.5	20	-1.625	-1.375	17.5	22.5
#CFCFCF	-2.25	25	-2.375	-2.125	22.5	27.5
#BBBBBB	-2.25	15	-2.375	-2.125	12.5	17.5
#535353	-2	5	-2.125	-1.875	2.5	7.5
#525252	-1.75	5	-1.875	-1.625	2.5	7.5
#4F4F4F	-1.25	5	-1.375	-1.125	2.5	7.5
#5C5C5C	-2.75	5	-2.875	-2.625	2.5	7.5
#414141	1.5	5	1.375	1.625	2.5	7.5
#3A3A3A	-2.75	0	-2.875	-2.625	-2.5	2.5
#414141	-4.25	0	-4.375	-4.125	-2.5	2.5
#5D5D5D	-5	5	-5.125	-4.875	2.5	7.5
#484848	-4	0	-4.125	-3.875	-2.5	2.5
#393939	-3.75	0	-3.875	-3.625	-2.5	2.5
#3F3F3F	2.25	5	2.125	2.375	2.5	7.5
#404040	2.5	5	2.375	2.625	2.5	7.5
#404040	1.75	5	1.625	1.875	2.5	7.5
#3E3E3E	2.75	5	2.625	2.875	2.5	7.5
#434343	3.25	5	3.125	3.375	2.5	7.5
#4C4C4C	3.5	5	3.375	3.625	2.5	7.5
#484848	4.25	5	4.125	4.375	2.5	7.5
#5A5A5A	4.75	5	4.625	4.875	2.5	7.5
#727272	5.25	5	5.125	5.375	2.5	7.5
#8D8D8D	5.75	5	5.625	5.875	2.5	7.5
#6B6B6B	5	5	4.875	5.125	2.5	7.5
#4D4D4D	3.25	0	3.125	3.375	-2.5	2.5
#BDBDBD	6.75	10	6.625	6.875	7.5	12.5
#606060	4	5	3.875	4.125	2.5	7.5
#515151	3.75	5	3.625	3.875	2.5	7.5
#A3A3A3	-1.25	30	-1.375	-1.125	27.5	32.5
#E6E6E6	-2	35	-2.125	-1.875	32.5	37.5
#A1A1A1	-1.75	15	-1.875	-1.625	12.5	17.5
#8C8C8C	-1.75	10	-1.875	-1.625	7.5	12.5
#B5B5B5	-2	15	-2.125	-1.875	12.5	17.5
#828282	-1.5	10	-1.625	-1.375	7.5	12.5
#979797	-2.25	10	-2.375	-2.125	7.5	12.5
#6E6E6E	-5.25	5	-5.375	-5.125	2.5	7.5
#686868	-3.5	5	-3.625	-3.375	2.5	7.5
#4D4D4D	-4.5	5	-4.625	-4.375	2.5	7.5
#545454	-3.25	5	-3.375	-3.125	2.5	7.5
#4E4E4E	-4.75	5	-4.875	-4.625	2.5	7.5
#434343	1.25	5	1.125	1.375	2.5	7.5
#838383	2.25	10	2.125	2.375	7.5	12.5
#686868	-4.5	0	-4.625	-4.375	-2.5	2.5
#7F7F7F	3.5	10	3.375	3.625	7.5	12.5
#878787	3	10	2.875	3.125	7.5	12.5
#7C7C7C	-4.25	5	-4.375	-4.125	2.5	7.5
#999999	6.25	10	6.125	6.375	7.5	12.5
#979797	6	10	5.875	6.125	7.5	12.5
#7A7A7A	4	10	3.875	4.125	7.5	12.5
#B6B6B6	6	5	5.875	6.125	2.5	7.5
#868686	5	10	4.875	5.125	7.5	12.5
#808080	4.5	10	4.375	4.625	7.5	12.5
#949494	5.25	10	5.125	5.375	7.5	12.5
#7D7D7D	5.5	5	5.375	5.625	2.5	7.5
#888888	4.75	10	4.625	4.875	7.5	12.5
#C1C1C1	5.25	15	5.125	5.375	12.5	17.5
#888888	-1	30	-1.125	-0.875	27.5	32.5
#6B6B6B	-0.75	15	-0.875	-0.625	12.5	17.5
#808080	-1	20	-1.125	-0.875	17.5	22.5
#E6E6E6	-2	40	-2.125	-1.875	37.5	42.5
#EFEFEF	-2.5	40	-2.625	-2.375	37.5	42.5
#CDCDCD	-2	25	-2.125	-1.875	22.5	27.5
#A9A9A9	-1.75	20	-1.875	-1.625	17.5	22.5
#7A7A7A	-1.25	10	-1.375	-1.125	7.5	12.5
#555555	-2.25	5	-2.375	-2.125	2.5	7.5
#818181	-5.5	5	-5.625	-5.375	2.5	7.5
#868686	2.5	10	2.375	2.625	7.5	12.5
#454545	1	5	0.875	1.125	2.5	7.5
#8B8B8B	2.75	10	2.625	2.875	7.5	12.5
#454545	3	5	2.875	3.125	2.5	7.5
#B3B3B3	5.75	15	5.625	5.875	12.5	17.5
#B1B1B1	6.75	15	6.625	6.875	12.5	17.5
#A2A2A2	6.5	10	6.375	6.625	7.5	12.5
#C6C6C6	7	15	6.875	7.125	12.5	17.5
#797979	3.75	10	3.625	3.875	7.5	12.5
#808080	-1	25	-1.125	-0.875	22.5	27.5
#838383	-1.25	15	-1.375	-1.125	12.5	17.5
#909090	-1.5	15	-1.625	-1.375	12.5	17.5
#BBBBBB	-2	20	-2.125	-1.875	17.5	22.5
#D2D2D2	-2.25	20	-2.375	-2.125	17.5	22.5
#6A6A6A	-1	10	-1.125	-0.875	7.5	12.5
#616161	-3	5	-3.125	-2.875	2.5	7.5
#7C7C7C	2	10	1.875	2.125	7.5	12.5
#7F7F7F	3.25	10	3.125	3.375	7.5	12.5
#7F7F7F	4.25	10	4.125	4.375	7.5	12.5
#B5B5B5	5.5	15	5.375	5.625	12.5	17.5
#A6A6A6	-1.5	25	-1.625	-1.375	22.5	27.5
#8A8A8A	-1.25	20	-1.375	-1.125	17.5	22.5
#474747	0.75	5	0.625	0.875	2.5	7.5
#B0B0B0	5	15	4.875	5.125	12.5	17.5
#A4A4A4	5.5	10	5.375	5.625	7.5	12.5
#FFFFFF	5.25	20	5.125	5.375	17.5	22.5
#B3B3B3	4.5	15	4.375	4.625	12.5	17.5
#9E9E9E	-1.25	35	-1.375	-1.125	32.5	37.5
#646464	-0.25	5	-0.375	-0.125	2.5	7.5
#494949	-0.5	5	-0.625	-0.375	2.5	7.5
#6C6C6C	1.5	10	1.375	1.625	7.5	12.5
#9D9D9D	2.25	15	2.125	2.375	12.5	17.5
#A5A5A5	2.25	20	2.125	2.375	17.5	22.5
#E6E6E6	7.25	15	7.125	7.375	12.5	17.5
#676767	-0.5	10	-0.625	-0.375	7.5	12.5
#686868	1.25	10	1.125	1.375	7.5	12.5
#747474	1.75	10	1.625	1.875	7.5	12.5
#8A8A8A	1.75	15	1.625	1.875	12.5	17.5
#909090	2	15	1.875	2.125	12.5	17.5
#A2A2A2	2	20	1.875	2.125	17.5	22.5
#838383	1.5	15	1.375	1.625	12.5	17.5
#A4A4A4	2	25	1.875	2.125	22.5	27.5
#999999	-1	35	-1.125	-0.875	32.5	37.5
#4F4F4F	0.5	5	0.375	0.625	2.5	7.5
#959595	1.75	20	1.625	1.875	17.5	22.5
#989898	-4	5	-4.125	-3.875	2.5	7.5
#757575	-0.75	20	-0.875	-0.625	17.5	22.5
#AFAFAF	-1.75	25	-1.875	-1.625	22.5	27.5
#B5B5B5	-1.5	30	-1.625	-1.375	27.5	32.5
#C8C8C8	-1.75	30	-1.875	-1.625	27.5	32.5
#7D7D7D	-3.75	5	-3.875	-3.625	2.5	7.5
#656565	1	10	0.875	1.125	7.5	12.5
#6D6D6D	0.75	10	0.625	0.875	7.5	12.5
#7C7C7C	1.25	15	1.125	1.375	12.5	17.5
#7D7D7D	0.25	5	0.125	0.375	2.5	7.5
#969696	-0.75	25	-0.875	-0.625	22.5	27.5
#979797	-5.75	5	-5.875	-5.625	2.5	7.5
#B2B2B2	2.5	20	2.375	2.625	17.5	22.5
#B9B9B9	4.75	15	4.625	4.875	12.5	17.5
#9A9A9A	-1.25	25	-1.375	-1.125	22.5	27.5
#AEAEAE	2.5	15	2.375	2.625	12.5	17.5
#B6B6B6	-6	5	-6.125	-5.875	2.5	7.5
#BFBFBF	-1.5	35	-1.625	-1.375	32.5	37.5
#E6E6E6	3	30	2.875	3.125	27.5	32.5
#9C9C9C	-1.25	40	-1.375	-1.125	37.5	42.5
#CDCDCD	2.75	20	2.625	2.875	17.5	22.5
#919191	1.5	20	1.375	1.625	17.5	22.5
#CACACA	2.75	15	2.625	2.875	12.5	17.5
#D2D2D2	3	25	2.875	3.125	22.5	27.5
#FFFFFF	3.5	20	3.375	3.625	17.5	22.5
#DADADA	3	20	2.875	3.125	17.5	22.5
#AEAEAE	-2.75	10	-2.875	-2.625	7.5	12.5
#A3A3A3	-2.5	10	-2.625	-2.375	7.5	12.5
#BCBCBC	2.5	25	2.375	2.625	22.5	27.5
#EFEFEF	3	40	2.875	3.125	37.5	42.5
#CACACA	2.75	25	2.625	2.875	22.5	27.5
#D6D6D6	2.75	30	2.625	2.875	27.5	32.5
#B5B5B5	2.25	25	2.125	2.375	22.5	27.5
#FFFFFF	3.25	45	3.125	3.375	42.5	47.5
#E6E6E6	2.75	35	2.625	2.875	32.5	37.5
#C8C8C8	2.5	30	2.375	2.625	27.5	32.5
#FFFFFF	3.25	50	3.125	3.375	47.5	52.5
#C8C8C8	2.25	30	2.125	2.375	27.5	32.5
#E6E6E6	2.75	40	2.625	2.875	37.5	42.5
#E6E6E6	2.5	35	2.375	2.625	32.5	37.5
#E6E6E6	2.75	50	2.625	2.875	47.5	52.5
#C6C6C6	2.25	35	2.125	2.375	32.5	37.5
#A1A1A1	1.75	25	1.625	1.875	22.5	27.5
#929292	1.25	20	1.125	1.375	17.5	22.5
#7F7F7F	1	15	0.875	1.125	12.5	17.5
#DFDFDF	4.25	0	4.125	4.375	-2.5	2.5
#909090	-0.5	15	-0.625	-0.375	12.5	17.5
#A3A3A3	1	20	0.875	1.125	17.5	22.5
#B1B1B1	2	30	1.875	2.125	27.5	32.5
#CACACA	-3.75	10	-3.875	-3.625	7.5	12.5
#D6D6D6	-4.25	10	-4.375	-4.125	7.5	12.5
#C5C5C5	-4	10	-4.125	-3.875	7.5	12.5
#DFDFDF	-4.5	10	-4.625	-4.375	7.5	12.5
#FFFFFF	-6.25	10	-6.375	-6.125	7.5	12.5
#FFFFFF	2.25	45	2.125	2.375	42.5	47.5
#E6E6E6	2.5	55	2.375	2.625	52.5	57.5
#FFFFFF	-2.5	20	-2.625	-2.375	17.5	22.5
#ACACAC	-3	10	-3.125	-2.875	7.5	12.5
#DFDFDF	-6.5	10	-6.625	-6.375	7.5	12.5
#DADADA	2.5	45	2.375	2.625	42.5	47.5
#C8C8C8	1.75	35	1.625	1.875	32.5	37.5
#AFAFAF	1.75	30	1.625	1.875	27.5	32.5
#BCBCBC	2	35	1.875	2.125	32.5	37.5
#A1A1A1	1.5	25	1.375	1.625	22.5	27.5
#9F9F9F	0.5	10	0.375	0.625	7.5	12.5
#C5C5C5	3.75	15	3.625	3.875	12.5	17.5
#BABABA	4	15	3.875	4.125	12.5	17.5
#C1C1C1	-2.5	15	-2.625	-2.375	12.5	17.5
#FFFFFF	7.25	20	7.125	7.375	17.5	22.5
#FFFFFF	4.25	20	4.125	4.375	17.5	22.5
#BABABA	4.25	15	4.125	4.375	12.5	17.5
#EFEFEF	-2	30	-2.125	-1.875	27.5	32.5
#EFEFEF	6	15	5.875	6.125	12.5	17.5
#FFFFFF	4.5	20	4.375	4.625	17.5	22.5
#C6C6C6	3	15	2.875	3.125	12.5	17.5
#FFFFFF	5.75	20	5.625	5.875	17.5	22.5
#C8C8C8	3.5	15	3.375	3.625	12.5	17.5
#CACACA	-1.5	55	-1.625	-1.375	52.5	57.5
#D6D6D6	-1.5	40	-1.625	-1.375	37.5	42.5
#CACACA	-1.5	45	-1.625	-1.375	42.5	47.5
#ABABAB	-1.25	45	-1.375	-1.125	42.5	47.5
#D2D2D2	-4.75	10	-4.875	-4.625	7.5	12.5
#C5C5C5	-1.5	50	-1.625	-1.375	47.5	52.5
#C1C1C1	-3.25	10	-3.375	-3.125	7.5	12.5
#D2D2D2	-1.25	50	-1.375	-1.125	47.5	52.5
#DADADA	-4.75	0	-4.875	-4.625	-2.5	2.5
#CDCDCD	-2.75	15	-2.875	-2.625	12.5	17.5
#FFFFFF	-4.5	20	-4.625	-4.375	17.5	22.5
#D6D6D6	-3	15	-3.125	-2.875	12.5	17.5
#C8C8C8	-3.5	10	-3.625	-3.375	7.5	12.5
#B8B8B8	1.5	30	1.375	1.625	27.5	32.5
#C3C3C3	2.25	40	2.125	2.375	37.5	42.5
#A6A6A6	1.25	25	1.125	1.375	22.5	27.5
#A1A2A2	0.75	15	0.625	0.875	12.5	17.5
#D6D6D6	1	25	0.875	1.125	22.5	27.5
#C8C8C8	1.25	30	1.125	1.375	27.5	32.5
#DADADA	2	40	1.875	2.125	37.5	42.5
#D6D6D6	-1	40	-1.125	-0.875	37.5	42.5
#E6E6E6	-2.25	35	-2.375	-2.125	32.5	37.5
#DADADA	3.25	15	3.125	3.375	12.5	17.5
#FFFFFF	-2.5	60	-2.625	-2.375	57.5	62.5
#EFEFEF	-2	50	-2.125	-1.875	47.5	52.5
#FFFFFF	-2.25	55	-2.375	-2.125	52.5	57.5
#E6E6E6	-6.25	5	-6.375	-6.125	2.5	7.5
#EFEFEF	-5	10	-5.125	-4.875	7.5	12.5
#E6E6E6	-3.25	15	-3.375	-3.125	12.5	17.5
#EFEFEF	2.75	45	2.625	2.875	42.5	47.5
#EFEFEF	3	55	2.875	3.125	52.5	57.5
#EFEFEF	0.75	20	0.625	0.875	17.5	22.5
#CDCDCD	1.5	35	1.375	1.625	32.5	37.5
#DFDFDF	1.75	40	1.625	1.875	37.5	42.5
#FFFFFF	1.75	45	1.625	1.875	42.5	47.5
#FFFFFF	2	50	1.875	2.125	47.5	52.5
#FFFFFF	2	45	1.875	2.125	42.5	47.5
#EFEFEF	2.25	50	2.125	2.375	47.5	52.5
#EFEFEF	-3.5	15	-3.625	-3.375	12.5	17.5
#FFFFFF	-4.75	25	-4.875	-4.625	22.5	27.5
#EFEFEF	-4.75	15	-4.875	-4.625	12.5	17.5
#FFFFFF	-3.25	20	-3.375	-3.125	17.5	22.5
#FFFFFF	-1.75	50	-1.875	-1.625	47.5	52.5
#FFFFFF	-4	15	-4.125	-3.875	12.5	17.5
#FFFFFF	2.5	50	2.375	2.625	47.5	52.5
#FFFFFF	-2.75	30	-2.875	-2.625	27.5	32.5
#FFFFFF	-2.75	35	-2.875	-2.625	32.5	37.5
#EFEFEF	-2.25	30	-2.375	-2.125	27.5	32.5
#FFFFFF	-3.75	15	-3.875	-3.625	12.5	17.5
#FFFFFF	-4.5	25	-4.625	-4.375	22.5	27.5
#EFEFEF	-2.75	20	-2.875	-2.625	17.5	22.5
#EFEFEF	-1.75	40	-1.875	-1.625	37.5	42.5
#EFEFEF	-2.25	40	-2.375	-2.125	37.5	42.5
#FFFFFF	-1.75	45	-1.875	-1.625	42.5	47.5
#EFEFEF	2.5	40	2.375	2.625	37.5	42.5
#FFFFFF	3	45	2.875	3.125	42.5	47.5
#FFFFFF	3.5	25	3.375	3.625	22.5	27.5
#FFFFFF	3.5	30	3.375	3.625	27.5	32.5
#FFFFFF	3.25	25	3.125	3.375	22.5	27.5
#EFEFEF	3.75	30	3.625	3.875	27.5	32.5
#FFFFFF	3	35	2.875	3.125	32.5	37.5
#FFFFFF	1.25	35	1.125	1.375	32.5	37.5
